ortografi,PoS,RedPoS,xmin,xmax,speaker,turnummer,gold
nej,I=,INTERJ,94.209,94.421,DRJ,20,O
jeg,PP1CSN-NU,PRON_PERS,94.421,94.633,DRJ,20,B-NP
synes,VEDR=----A-,V_MED_PRES,94.633,94.843,DRJ,20,
der,U=,UNIK,94.843,94.99233333,DRJ,20,
er,VADR=----A-,V_PRES,94.99233333,95.14166667,DRJ,20,
meget,ANP.SU=IU,ADJ,95.14166667,95.291,DRJ,20,
forskel,NCCSU==I,N,95.291,95.752,DRJ,20,
men,CC,SKONJ,95.752,95.8435,DRJ,20,
jeg,PP1CSN-NU,PRON_PERS,95.8435,95.935,DRJ,20,
synes,VEDR=----A-,V_MED_PRES,95.935,96.119,DRJ,20,
alligevel,RGU,ADV,96.119,96.568,DRJ,20,
de,PP3.PN-NU,PRON_PERS,96.568,96.763,DRJ,20,
lignede,VADA=----A-,V_PAST,96.763,96.958,DRJ,20,
hinanden,PC--PU---,PRON_REC,96.958,97.1815,DRJ,20,
en,PI-CSU--U,PRON_UBST,97.1815,97.405,DRJ,20,
lille,ANP.SU=.U,ADJ,97.405,97.571,DRJ,20,
smule,NCCSU==I,N,97.571,98.022,DRJ,20,
altså,RGU,ADV,98.022,98.473,DRJ,20,
sådan,RGU,ADV,98.473,98.746,DRJ,20,
jeg,PP1CSN-NU,PRON_PERS,98.746,99.019,DRJ,20,
..,,,99.019,99.13,DRJ,20,
ja,I=,INTERJ,169.553,169.76,DRJ,40,
og,CC,SKONJ,169.76,169.967,DRJ,40,
Hannes,NP--G==-,EGEN_GEN,169.967,170.346,DRJ,40,
far,NCCSU==I,N,170.346,170.4825,DRJ,40,
og,CC,SKONJ,170.4825,170.619,DRJ,40,
mor,NCCSU==I,N,170.619,170.727,DRJ,40,
er,VADR=----A-,V_PRES,170.727,170.835,DRJ,40,
fra,SP,PRÃ†P,170.835,171.022,DRJ,40,
Sjælland,NP--U==-,EGEN,171.022,171.56,DRJ,40,
..,,,171.56,172.02,DRJ,40,
tag,NCNSU==I,N,664.809,664.89575,JRJ,187,
ham,PP3CSU-NU,PRON_PERS,664.89575,664.9825,JRJ,187,
med,SP,PRÃ†P,664.9825,665.06925,JRJ,187,
op,RGU,ADV,665.06925,665.156,JRJ,187,
på,SP,PRÃ†P,665.156,665.3256667,JRJ,187,
dit,PO2NSUSNU,PRON_POSS,665.3256667,665.4953333,JRJ,187,
værelse,NCNSU==I,N,665.4953333,665.665,JRJ,187,
der,U=,UNIK,665.665,665.739,JRJ,187,
er,VADR=----A-,V_PRES,665.739,665.813,JRJ,187,
så,RGU,ADV,665.813,665.9226667,JRJ,187,
meget,ANP.SU=IU,ADJ,665.9226667,666.0323333,JRJ,187,
han,NCCSU==I,N,666.0323333,666.142,JRJ,187,
gerne,RGU,ADV,666.142,666.2365,JRJ,187,
vil,VADR=----A-,V_PRES,666.2365,666.331,JRJ,187,
kigge,VAF-=----A-,V_INF,666.331,666.5195,JRJ,187,
på,SP,PRÃ†P,666.5195,666.708,JRJ,187,
nej,I=,INTERJ,757.206,757.429,XIP,213,
..,,,757.429,757.865,XIP,213,
men,CC,SKONJ,757.865,757.962,XIP,213,
tror,VADR=----A-,V_PRES,757.962,758.0605,XIP,213,
du,PP2CSN-NU,PRON_PERS,758.0605,758.159,XIP,213,
der,U=,UNIK,758.159,758.2675,XIP,213,
er,VADR=----A-,V_PRES,758.2675,758.376,XIP,213,
det,PP3NSU-NU,PRON_PERS,758.376,758.469,XIP,213,
oppe,RGU,ADV,758.469,758.562,XIP,213,
i,SP,PRÃ†P,758.562,758.655,XIP,213,
det,PP3NSU-NU,PRON_PERS,758.655,758.7925,XIP,213,
andet,PI-NSU--U,PRON_UBST,758.7925,758.93,XIP,213,
kvarter,NCNSU==I,N,758.93,759.25,XIP,213,
nu,RGU,ADV,759.25,759.393,XIP,213,
..,,,759.393,759.677,XIP,213,
ellers,RGU,ADV,871.314,871.506,DRJ,243,
så,RGU,ADV,871.506,871.698,DRJ,243,
dem,PP3.PU-NU,PRON_PERS,871.698,872.023,DRJ,243,
deroppeaf,XZ,,872.023,872.438,DRJ,243,
de,PP3.PN-NU,PRON_PERS,872.438,872.585,DRJ,243,
har,VADR=----A-,V_PRES,872.585,872.6885,DRJ,243,
ikke,RGU,ADV,872.6885,872.792,DRJ,243,
sådan,RGU,ADV,872.792,873.181,DRJ,243,
....,,,873.181,874.193,DRJ,243,
inden,RGU,ADV,874.193,874.2785,DRJ,243,
ved,SP,PRÃ†P,874.2785,874.364,DRJ,243,
siden,RGU,ADV,874.364,874.523,DRJ,243,
af,SP,PRÃ†P,874.523,874.682,DRJ,243,
har,VADR=----A-,V_PRES,874.682,874.798,DRJ,243,
de,PP3.PN-NU,PRON_PERS,874.798,874.914,DRJ,243,
ingen,PI-CSU--U,PRON_UBST,874.914,875.03,DRJ,243,
små,ANP.PU=.U,ADJ,875.03,875.38,DRJ,243,
børn,NCNPU==I,N,875.38,875.6445,DRJ,243,
og,CC,SKONJ,875.6445,875.909,DRJ,243,
....,,,875.909,878.503,DRJ,243,
er,VADR=----A-,V_PRES,878.503,878.597,XIP,244,
det,PP3NSU-NU,PRON_PERS,878.597,878.691,XIP,244,
nogle,PI-.PU--U,PRON_UBST,878.691,878.935,XIP,244,
lokale,ANP.PU=.U,ADJ,878.935,879.314,XIP,244,
nogle,PI-.PU--U,PRON_UBST,879.314,879.4875,XIP,244,
også,RGU,ADV,879.4875,879.661,XIP,244,
nogle,PI-.PU--U,PRON_UBST,879.661,879.93,XIP,244,
lo-,XZ,,879.93,880.1435,XIP,244,
dem,PP3.PU-NU,PRON_PERS,880.1435,880.357,XIP,244,
du,PP2CSN-NU,PRON_PERS,880.357,880.455,XIP,244,
sagde,VADA=----A-,V_PAST,880.455,880.612,XIP,244,
der,U=,UNIK,880.612,880.769,XIP,244,
der,U=,UNIK,880.769,880.8526667,XIP,244,
var,VADA=----A-,V_PAST,880.8526667,880.9363333,XIP,244,
i,SP,PRÃ†P,880.9363333,881.02,XIP,244,
familie,NCCSU==I,N,881.02,881.419,XIP,244,
med,SP,PRÃ†P,881.419,881.6085,XIP,244,
hinanden,PC--PU---,PRON_REC,881.6085,881.798,XIP,244,
og,CC,SKONJ,881.798,881.9365,XIP,244,
det,PD-NSU--U,PRON_DEMO,881.9365,882.075,XIP,244,
....,,,882.075,883.093,XIP,244,
nej,I=,INTERJ,952.987,953.12175,XIP,270,
jeg,PP1CSN-NU,PRON_PERS,953.12175,953.2565,XIP,270,
tror,VADR=----A-,V_PRES,953.2565,953.39125,XIP,270,
nemlig,RGU,ADV,953.39125,953.526,XIP,270,
at,CS,UKONJ,953.526,953.726,XIP,270,
alle,ANP.PU=.U,ADJ,953.726,953.926,XIP,270,
lærerne,NCCPU==D,N,953.926,954.126,XIP,270,
er,VADR=----A-,V_PRES,954.126,954.2656667,XIP,270,
er,VADR=----A-,V_PRES,954.2656667,954.4053333,XIP,270,
er,VADR=----A-,V_PRES,954.4053333,954.545,XIP,270,
tilflyttere,NCCPU==I,N,954.545,954.7486667,XIP,270,
og,CC,SKONJ,954.7486667,954.9523333,XIP,270,
det,PP3NSU-NU,PRON_PERS,954.9523333,955.156,XIP,270,
gælder,VADR=----A-,V_PRES,955.156,955.34,XIP,270,
vist,RGU,ADV,955.34,955.524,XIP,270,
faktisk,ANP---=-R,ADJ,955.524,955.84,XIP,270,
alle,ANP.PU=.U,ADJ,955.84,955.988,XIP,270,
skolerne,NCCPU==D,N,955.988,956.543,XIP,270,
ja,I=,INTERJ,966.709,966.902,XIP,274,
......,,,966.902,972.292,XIP,274,
nej,I=,INTERJ,972.292,972.502,XIP,274,
fordi,CS,UKONJ,972.502,972.8,XIP,274,
der,U=,UNIK,972.8,973.169,XIP,274,
er,VADR=----A-,V_PRES,973.169,973.538,XIP,274,
...,,,973.538,974.288,XIP,274,
der,U=,UNIK,974.288,974.3725,XIP,274,
er,VADR=----A-,V_PRES,974.3725,974.457,XIP,274,
sket,VAPA=S.I.-U,V_PARTC_PAST,974.457,974.741,XIP,274,
en,PI-CSU--U,PRON_UBST,974.741,974.901,XIP,274,
masse,NCCSU==I,N,974.901,975.135,XIP,274,
hensyn,NCNSU==I,N,975.135,975.3476667,XIP,274,
til,RGU,ADV,975.3476667,975.5603333,XIP,274,
med,SP,PRÃ†P,975.5603333,975.773,XIP,274,
..,,,975.773,976.124,XIP,274,
sådan,RGU,ADV,976.124,976.3775,XIP,274,
med,SP,PRÃ†P,976.3775,976.631,XIP,274,
..,,,976.631,976.949,XIP,274,
forbindelsen,NCCSU==D,N,976.949,977.393,XIP,274,
mellem,SP,PRÃ†P,977.393,977.8495,XIP,274,
xxx,XZ,,977.8495,978.306,XIP,274,
retningerne,NCCPU==D,N,978.306,978.825,XIP,274,
mindre,ANC..U=.U,ADJ,978.825,979.088,XIP,274,
forbindelse,NCCSU==I,N,979.088,979.39,XIP,274,
og,CC,SKONJ,979.39,979.692,XIP,274,
også,RGU,ADV,979.692,979.994,XIP,274,
også,RGU,ADV,979.994,980.188,XIP,274,
der,U=,UNIK,980.188,980.382,XIP,274,
hvor,RGU,ADV,980.382,980.576,XIP,274,
i,SP,PRÃ†P,980.576,980.6955,XIP,274,
og,CC,SKONJ,980.6955,980.815,XIP,274,
for,SP,PRÃ†P,980.815,980.9673333,XIP,274,
sig,PP3..U-YU,PRON_PERS,980.9673333,981.1196667,XIP,274,
er,VADR=----A-,V_PRES,981.1196667,981.272,XIP,274,
nogen,PI-CSU--U,PRON_UBST,981.272,981.5015,XIP,274,
der,U=,UNIK,981.5015,981.731,XIP,274,
...,,,981.731,982.606,XIP,274,
ej,I=,INTERJ,982.606,982.678,XIP,274,
man,PI-C.N--U,PRON_UBST,982.678,982.75,XIP,274,
kan,VADR=----A-,V_PRES,982.75,982.905,XIP,274,
godt,ANP---=-R,ADJ,982.905,983.075,XIP,274,
forstå,VAF-=----A-,V_INF,983.075,983.387,XIP,274,
det,PP3NSU-NU,PRON_PERS,983.387,983.5396667,XIP,274,
måske,RGU,ADV,983.5396667,983.6923333,XIP,274,
her,RGU,ADV,983.6923333,983.845,XIP,274,
hvor,RGU,ADV,983.845,983.905,XIP,274,
det,PP3NSU-NU,PRON_PERS,983.905,983.965,XIP,274,
er,VADR=----A-,V_PRES,983.965,984.025,XIP,274,
lutter,NCCPU==I,N,984.025,984.319,XIP,274,
tilflyttere,NCCPU==I,N,984.319,984.647,XIP,274,
ikke,RGU,ADV,984.647,984.975,XIP,274,
sjette,AO---U=--,NUM_ORD,1223.197,1223.397,JRJ,363,
klasse,NCCSU==I,N,1223.397,1223.597,JRJ,363,
jo,RGU,ADV,1223.597,1223.797,JRJ,363,
..,,,1223.797,1224.15,JRJ,363,
det,PP3NSU-NU,PRON_PERS,1224.15,1224.243667,JRJ,363,
gjorde,VADA=----A-,V_PAST,1224.243667,1224.337333,JRJ,363,
de,PP3.PN-NU,PRON_PERS,1224.337333,1224.431,JRJ,363,
begge,PD-.PU--U,PRON_DEMO,1224.431,1224.563,JRJ,363,
steder,NCNPU==I,N,1224.563,1224.77,JRJ,363,
fra,SP,PRÃ†P,1224.77,1224.999,JRJ,363,
..,,,1224.999,1225.382,JRJ,363,
ja,I=,INTERJ,1254.7565,1254.856,JRJ,376,
ej,I=,INTERJ,1265.438667,1265.537333,JRJ,376,
men,CC,SKONJ,1265.537333,1265.636,JRJ,376,
......,,,1265.636,1286.073,JRJ,376,
ej,I=,INTERJ,1286.073,1286.2535,JRJ,376,
de,PP3.PN-NU,PRON_PERS,1286.2535,1286.434,JRJ,376,
har,VADR=----A-,V_PRES,1286.434,1286.636667,JRJ,376,
måske,RGU,ADV,1286.636667,1286.839333,JRJ,376,
også,RGU,ADV,1286.839333,1287.042,JRJ,376,
følt,VAPA=S.I.-U,V_PARTC_PAST,1287.042,1287.255,JRJ,376,
sig,PP3..U-YU,PRON_PERS,1287.255,1287.403,JRJ,376,
lidt,ANP---=-R,ADJ,1287.403,1287.5545,JRJ,376,
øh,I=,INTERJ,1287.5545,1287.706,JRJ,376,
forbigået,VAPA=S.I.-U,V_PARTC_PAST,1287.706,1288.349,JRJ,376,
i,SP,PRÃ†P,1288.349,1288.615,JRJ,376,
..,,,1288.615,1288.802,JRJ,376,
med,SP,PRÃ†P,1288.802,1288.936,JRJ,376,
deres,PO3..UPNU,PRON_POSS,1288.936,1289.158,JRJ,376,
bestræbelser,NCCPU==I,N,1289.158,1289.456,JRJ,376,
har,VADR=----A-,V_PRES,1289.456,1289.754,JRJ,376,
fået,VAPA=S.I.-U,V_PARTC_PAST,1289.754,1290.2,JRJ,376,
..,,,1290.2,1290.598,JRJ,376,
nogle,PI-.PU--U,PRON_UBST,1290.598,1290.846,JRJ,376,
ordentlige,ANP.PU=.U,ADJ,1290.846,1291.094,JRJ,376,
baner,NCCPU==I,N,1291.094,1291.492,JRJ,376,
og,CC,SKONJ,1291.492,1291.89,JRJ,376,
..,,,1291.89,1292.146,JRJ,376,
og,CC,SKONJ,1292.146,1292.216,JRJ,376,
så,RGU,ADV,1292.216,1292.443667,JRJ,376,
noget,PI-NSU--U,PRON_UBST,1292.443667,1292.671333,JRJ,376,
der,U=,UNIK,1292.671333,1292.899,JRJ,376,
...,,,1292.899,1293.41,JRJ,376,
øh,I=,INTERJ,1293.41,1293.739,JRJ,376,
....,,,1293.739,1294.812,JRJ,376,
ja,I=,INTERJ,1381.196,1381.349,JRJ,399,
det,PP3NSU-NU,PRON_PERS,1381.349,1381.477,JRJ,399,
bliver,VADR=----A-,V_PRES,1381.477,1381.605,JRJ,399,
jo,RGU,ADV,1381.605,1381.733,JRJ,399,
sådan,RGU,ADV,1381.733,1381.902333,JRJ,399,
en,PI-CSU--U,PRON_UBST,1381.902333,1382.071667,JRJ,399,
gang,NCCSU==I,N,1382.071667,1382.241,JRJ,399,
blandet,VAPA=S.I.-U,V_PARTC_PAST,1382.241,1382.454,JRJ,399,
landhandel,NCCSU==I,N,1382.454,1382.948,JRJ,399,
når,CS,UKONJ,1382.948,1383.017,JRJ,399,
vi,PP1CPN-NU,PRON_PERS,1383.017,1383.086,JRJ,399,
er,VADR=----A-,V_PRES,1383.086,1383.155,JRJ,399,
nået,VAPA=S.I.-U,V_PARTC_PAST,1383.155,1383.382,JRJ,399,
den,PD-CSU--U,PRON_DEMO,1383.382,1383.547,JRJ,399,
alder,NCCSU==I,N,1383.547,1383.7745,JRJ,399,
der,U=,UNIK,1383.7745,1384.002,JRJ,399,
..,,,1384.002,1384.169,JRJ,399,
så,RGU,ADV,2527.09,2527.20675,XIP,761,
det,PP3NSU-NU,PRON_PERS,2527.20675,2527.3235,XIP,761,
var,VADA=----A-,V_PAST,2527.3235,2527.44025,XIP,761,
noget,PI-NSU--U,PRON_UBST,2527.44025,2527.557,XIP,761,
værre,ANC..U=.U,ADJ,2527.557,2527.7315,XIP,761,
noget,PI-NSU--U,PRON_UBST,2527.7315,2527.906,XIP,761,
med,SP,PRÃ†P,2527.906,2528.0365,XIP,761,
ham,PP3CSU-NU,PRON_PERS,2528.0365,2528.167,XIP,761,
morfar,NCCSU==I,N,2528.167,2528.612,XIP,761,
der,U=,UNIK,2528.612,2528.772667,XIP,761,
skulle,VADA=----A-,V_PAST,2528.772667,2528.933333,XIP,761,
betale,VAF-=----A-,V_INF,2528.933333,2529.094,XIP,761,
tandfeen,NCCSU==D,N,2529.094,2529.841,XIP,761,
.,,,55.654,55.716,ACM,23,
jeg,PP1CSN-NU,PRON_PERS,55.716,55.811,ACM,23,
har,VADR=----A-,V_PRES,55.811,55.906,ACM,23,
boet,VAPA=S.I.-U,V_PARTC_PAST,55.906,56.424,ACM,23,
øh,I=,INTERJ,56.424,56.941,ACM,23,
.,,,56.941,57.006,ACM,23,
ude,RGU,ADV,57.006,57.142,ACM,23,
i,SP,PRÃ†P,57.142,57.277,ACM,23,
den,PP3CSU-NU,PRON_PERS,57.277,57.412,ACM,23,
anden,PI-CSU--U,PRON_UBST,57.412,57.548,ACM,23,
ende,NCCSU==I,N,57.548,57.684,ACM,23,
af,SP,PRÃ†P,57.684,57.819,ACM,23,
byen,NCCSU==D,N,57.819,58.054,ACM,23,
i,SP,PRÃ†P,58.054,58.288,ACM,23,
Dalu-,XZ,,58.288,58.556,ACM,23,
ved,SP,PRÃ†P,58.556,58.825,ACM,23,
Dalumvej,NP--U==-,EGEN,58.825,59.67,ACM,23,
....,,,59.67,61.414,ACM,23,
..,,,92.195,92.693,XNJ,34,
ja,I=,INTERJ,92.693,93.084,XNJ,34,
..,,,93.084,93.215,XNJ,34,
og,CC,SKONJ,93.215,93.618,XNJ,34,
øh,I=,INTERJ,93.618,94.021,XNJ,34,
..,,,94.021,94.147,XNJ,34,
har,VADR=----A-,V_PRES,94.147,94.212,XNJ,34,
du,PP2CSN-NU,PRON_PERS,94.212,94.278,XNJ,34,
gået,VAPA=S.I.-U,V_PARTC_PAST,94.278,94.344,XNJ,34,
i,SP,PRÃ†P,94.344,94.409,XNJ,34,
skole,NCCSU==I,N,94.409,94.633,XNJ,34,
andre,PI-.PU--U,PRON_UBST,94.633,94.858,XNJ,34,
steder,NCNPU==I,N,94.858,95.082,XNJ,34,
..,,,95.082,95.484,XNJ,34,
ja,I=,INTERJ,168.631,169.119,ACM,51,
jeg,PP1CSN-NU,PRON_PERS,169.119,169.434,ACM,51,
har,VADR=----A-,V_PRES,169.434,169.748,ACM,51,
tre,AC---U=--,NUM,169.748,170.246,ACM,51,
storebrødre,NCCPU==I,N,170.246,170.745,ACM,51,
....,,,170.745,172.344,ACM,51,
og,CC,SKONJ,172.344,172.475,ACM,51,
så,RGU,ADV,172.475,172.607,ACM,51,
har,VADR=----A-,V_PRES,172.607,172.738,ACM,51,
jeg,PP1CSN-NU,PRON_PERS,172.738,172.869,ACM,51,
en,PI-CSU--U,PRON_UBST,172.869,173.001,ACM,51,
masse,NCCSU==I,N,173.001,173.132,ACM,51,
halvsøskende,ANP..U=.U,ADJ,173.132,173.333,ACM,51,
jeg,PP1CSN-NU,PRON_PERS,173.333,173.534,ACM,51,
ved,SP,PRÃ†P,173.534,173.736,ACM,51,
ikke,RGU,ADV,173.736,173.937,ACM,51,
om,SP,PRÃ†P,173.937,174.138,ACM,51,
...,,,174.138,174.751,ACM,51,
det,PP3NSU-NU,PRON_PERS,174.751,175.277,ACM,51,
også,RGU,ADV,175.277,175.804,ACM,51,
...,,,175.804,176.33,ACM,51,
..,,,176.33,176.685,ACM,51,
og,CC,SKONJ,185.958,186.116,XNJ,54,
så,RGU,ADV,186.116,186.274,XNJ,54,
har,VADR=----A-,V_PRES,186.274,186.431,XNJ,54,
du,PP2CSN-NU,PRON_PERS,186.431,186.589,XNJ,54,
en,PI-CSU--U,PRON_UBST,186.589,186.878,XNJ,54,
masse,NCCSU==I,N,186.878,187.167,XNJ,54,
halvsøskende,ANP..U=.U,ADJ,187.167,187.456,XNJ,54,
siger,VADR=----A-,V_PRES,187.456,187.595,XNJ,54,
du,PP2CSN-NU,PRON_PERS,187.595,187.733,XNJ,54,
ha,I=,INTERJ,187.733,187.872,XNJ,54,
hvad,PT-.SU--U,PRON_INTER_REL,269.96,270.09,XNJ,72,
med,SP,PRÃ†P,270.09,270.221,XNJ,72,
din,PO2CSUSNU,PRON_POSS,270.221,270.351,XNJ,72,
gymnasie,NCCSU==I,N,270.351,270.648,XNJ,72,
hvad,PT-.SU--U,PRON_INTER_REL,270.648,270.945,XNJ,72,
skal,VADR=----A-,V_PRES,270.945,271.15,XNJ,72,
du,PP2CSN-NU,PRON_PERS,271.15,271.355,XNJ,72,
bruge,VAF-=----A-,V_INF,271.355,271.559,XNJ,72,
en,PI-CSU--U,PRON_UBST,271.559,271.764,XNJ,72,
studentereksamen,NCCSU==I,N,271.764,271.969,XNJ,72,
til,SP,PRÃ†P,271.969,272.26,XNJ,72,
..,,,272.26,272.67,XNJ,72,
øh,I=,INTERJ,306.065,306.299,XNJ,80,
hvem,PT-C.U--U,PRON_INTER_REL,306.299,306.534,XNJ,80,
omgås,VEF-=----A-,V_MED_INF,306.534,306.768,XNJ,80,
du,PP2CSN-NU,PRON_PERS,306.768,306.932,XNJ,80,
i,SP,PRÃ†P,306.932,307.097,XNJ,80,
din,PO2CSUSNU,PRON_POSS,307.097,307.262,XNJ,80,
fritid,NCCSU==I,N,307.262,307.426,XNJ,80,
....,,,307.426,308.438,XNJ,80,
er,VADR=----A-,V_PRES,316.761,316.96,XNJ,82,
det,PD-NSU--U,PRON_DEMO,316.96,317.159,XNJ,82,
gamle,ANP.SU=DU,ADJ,317.159,317.358,XNJ,82,
klassekammerater,NCCPU==I,N,317.358,317.83,XNJ,82,
øh,I=,INTERJ,317.83,318.302,XNJ,82,
..,,,318.302,318.578,XNJ,82,
eller,CC,SKONJ,318.578,319.05,XNJ,82,
øh,I=,INTERJ,319.05,319.539,XNJ,82,
.,,,319.539,319.611,XNJ,82,
naboer,NCCPU==I,N,319.611,319.978,XNJ,82,
eller,CC,SKONJ,319.978,320.344,XNJ,82,
...,,,320.344,320.885,XNJ,82,
hvad,PT-.SU--U,PRON_INTER_REL,332.475,332.57,XNJ,86,
er,VADR=----A-,V_PRES,332.57,332.666,XNJ,86,
der,U=,UNIK,332.666,332.761,XNJ,86,
for,SP,PRÃ†P,332.761,332.857,XNJ,86,
unge,ANP.PU=.U,ADJ,332.857,332.952,XNJ,86,
mennesker,NCNPU==I,N,332.952,333.048,XNJ,86,
at,U=,UNIK,333.048,333.143,XNJ,86,
tage,VAF-=----A-,V_INF,333.143,333.261,XNJ,86,
sig,PP3..U-YU,PRON_PERS,333.261,333.379,XNJ,86,
til,RGU,ADV,333.379,333.497,XNJ,86,
i,SP,PRÃ†P,333.497,333.615,XNJ,86,
fritiden,NCCSU==D,N,333.615,333.915,XNJ,86,
i,SP,PRÃ†P,333.915,334.214,XNJ,86,
Næstved,NP--U==-,EGEN,334.214,334.514,XNJ,86,
....,,,334.514,335.62,XNJ,86,
øh,I=,INTERJ,380.284,380.796,XNJ,96,
du,PP2CSN-NU,PRON_PERS,380.796,380.922,XNJ,96,
skal,VADR=----A-,V_PRES,380.922,381.047,XNJ,96,
altså,RGU,ADV,381.047,381.172,XNJ,96,
have,VAF-=----A-,V_INF,381.172,381.298,XNJ,96,
din,PO2CSUSNU,PRON_POSS,381.298,381.491,XNJ,96,
egen,ANPCSU=.U,ADJ,381.491,381.685,XNJ,96,
hest,NCCSU==I,N,381.685,381.878,XNJ,96,
eller,CC,SKONJ,381.878,382.126,XNJ,96,
en,PI-CSU--U,PRON_UBST,382.126,382.374,XNJ,96,
en,PI-CSU--U,PRON_UBST,382.374,382.621,XNJ,96,
øh,I=,INTERJ,382.621,382.869,XNJ,96,
en,PI-CSU--U,PRON_UBST,382.869,383.117,XNJ,96,
halv,ANPCSU=IU,ADJ,383.117,383.365,XNJ,96,
hest,NCCSU==I,N,383.365,383.612,XNJ,96,
eller,CC,SKONJ,383.612,383.86,XNJ,96,
..,,,383.86,384.108,XNJ,96,
ja,I=,INTERJ,396.542,396.708,ACM,99,
jeg,PP1CSN-NU,PRON_PERS,396.708,396.874,ACM,99,
har,VADR=----A-,V_PRES,396.874,397.041,ACM,99,
egentlig,RGU,ADV,397.041,397.207,ACM,99,
ikke,RGU,ADV,397.207,397.373,ACM,99,
særlig,ANPCSU=IU,ADJ,397.373,397.556,ACM,99,
meget,ANP.SU=IU,ADJ,397.556,397.738,ACM,99,
ansvar,NCNSU==I,N,397.738,397.921,ACM,99,
men,CC,SKONJ,397.921,398.103,ACM,99,
jeg,PP1CSN-NU,PRON_PERS,398.103,398.286,ACM,99,
betaler,VADR=----A-,V_PRES,398.286,398.634,ACM,99,
noget,PI-NSU--U,PRON_UBST,398.634,398.983,ACM,99,
for,SP,PRÃ†P,398.983,399.336,ACM,99,
at,CS,UKONJ,399.336,399.69,ACM,99,
..,,,399.69,399.877,ACM,99,
at,U=,UNIK,399.877,400.421,ACM,99,
leje,VAF-=----A-,V_INF,400.421,400.965,ACM,99,
den,PP3CSU-NU,PRON_PERS,400.965,401.191,ACM,99,
ligesom,CS,UKONJ,401.191,401.417,ACM,99,
men,CC,SKONJ,401.417,401.61,ACM,99,
det,PP3NSU-NU,PRON_PERS,401.61,401.802,ACM,99,
er,VADR=----A-,V_PRES,401.802,401.995,ACM,99,
stadig,RGU,ADV,401.995,402.188,ACM,99,
ejeren,NCCSU==D,N,402.188,402.332,ACM,99,
der,U=,UNIK,402.332,402.475,ACM,99,
har,VADR=----A-,V_PRES,402.475,402.618,ACM,99,
det,PD-NSU--U,PRON_DEMO,402.618,402.762,ACM,99,
meste,ANS.SU=DU,ADJ,402.762,403.121,ACM,99,
ansvar,NCNSU==I,N,403.121,403.48,ACM,99,
....,,,403.48,406.452,ACM,99,
vi,PP1CPN-NU,PRON_PERS,548.677,548.85,ACM,133,
kan,VADR=----A-,V_PRES,548.85,549.024,ACM,133,
tage,VAF-=----A-,V_INF,549.024,549.508,ACM,133,
de,PP3.PN-NU,PRON_PERS,549.508,549.993,ACM,133,
tre,AC---U=--,NUM,549.993,550.289,ACM,133,
vesttyske,ANP.PU=.U,ADJ,550.289,550.586,ACM,133,
de,PP3.PN-NU,PRON_PERS,550.586,550.882,ACM,133,
to,AC---U=--,NUM,550.882,551.26,ACM,133,
svenske,ANP.SU=DU,ADJ,551.26,551.638,ACM,133,
og,CC,SKONJ,551.638,552.301,ACM,133,
den,PD-CSU--U,PRON_DEMO,552.301,552.494,ACM,133,
danske,ANP.SU=DU,ADJ,552.494,552.686,ACM,133,
og,CC,SKONJ,552.686,552.878,ACM,133,
så,RGU,ADV,552.878,553.071,ACM,133,
Kanal,NP--U==-,EGEN,553.071,553.332,ACM,133,
To,NP--U==-,EGEN,553.332,553.593,ACM,133,
...,,,553.593,554.527,ACM,133,
hvad,PT-.SU--U,PRON_INTER_REL,556.839,556.971,XNJ,136,
synes,VEDR=----A-,V_MED_PRES,556.971,557.103,XNJ,136,
du,PP2CSN-NU,PRON_PERS,557.103,557.234,XNJ,136,
om,SP,PRÃ†P,557.234,557.366,XNJ,136,
de,PD-.PU--U,PRON_DEMO,557.366,557.498,XNJ,136,
forskellige,ANP.PU=.U,ADJ,557.498,557.846,XNJ,136,
kanaler,NCCPU==I,N,557.846,558.195,XNJ,136,
...,,,558.195,559.192,XNJ,136,
øh,I=,INTERJ,587.962,588.349,XNJ,140,
....,,,588.349,589.927,XNJ,140,
øh,I=,INTERJ,589.927,590.948,XNJ,140,
altså,RGU,ADV,590.948,591.252,XNJ,140,
den,PD-CSU--U,PRON_DEMO,591.252,591.555,XNJ,140,
lokale,ANP.SU=DU,ADJ,591.555,591.859,XNJ,140,
sender,VADR=----A-,V_PRES,591.859,592.142,XNJ,140,
eller,CC,SKONJ,592.142,592.424,XNJ,140,
Danmarks,NP--G==-,EGEN_GEN,592.424,592.735,XNJ,140,
Radios,NP--U==-,EGEN,592.735,593.073,XNJ,140,
lokale,ANP.SU=DU,ADJ,593.073,593.412,XNJ,140,
afdeling,NCCSU==I,N,593.412,593.75,XNJ,140,
..,,,593.75,593.93,XNJ,140,
ja,I=,INTERJ,753.482,754.024,ACM,171,
altså,RGU,ADV,754.024,754.566,ACM,171,
....,,,754.566,756.312,ACM,171,
jeg,PP1CSN-NU,PRON_PERS,756.312,756.517,ACM,171,
køber,VADR=----A-,V_PRES,756.517,756.722,ACM,171,
nogle,PI-.PU--U,PRON_UBST,756.722,756.927,ACM,171,
gange,NCCPU==I,N,756.927,757.04,ACM,171,
en,PI-CSU--U,PRON_UBST,757.04,757.153,ACM,171,
tegneserie,NCCSU==I,N,757.153,757.605,ACM,171,
men,CC,SKONJ,757.605,757.822,ACM,171,
altså,RGU,ADV,757.822,758.04,ACM,171,
i,SP,PRÃ†P,758.04,758.258,ACM,171,
aviserne,NCCPU==D,N,758.258,758.475,ACM,171,
der,U=,UNIK,758.475,758.634,ACM,171,
læser,VADR=----A-,V_PRES,758.634,758.792,ACM,171,
jeg,PP1CSN-NU,PRON_PERS,758.792,758.951,ACM,171,
næsten,RGU,ADV,758.951,759.244,ACM,171,
altid,RGU,ADV,759.244,759.537,ACM,171,
dem,PP3.PU-NU,PRON_PERS,759.537,759.671,ACM,171,
der,U=,UNIK,759.671,759.806,ACM,171,
er,VADR=----A-,V_PRES,759.806,759.94,ACM,171,
der,U=,UNIK,759.94,760.074,ACM,171,
...,,,760.074,761.007,ACM,171,
hvis,CS,UKONJ,761.007,761.102,ACM,171,
det,PP3NSU-NU,PRON_PERS,761.102,761.198,ACM,171,
er,VADR=----A-,V_PRES,761.198,761.294,ACM,171,
det,PD-NSU--U,PRON_DEMO,761.294,761.389,ACM,171,
.,,,761.389,761.437,ACM,171,
øh,I=,INTERJ,824.527,825.116,XNJ,186,
....,,,825.116,826.176,XNJ,186,
men,CC,SKONJ,826.176,826.244,XNJ,186,
det,PP3NSU-NU,PRON_PERS,826.244,826.312,XNJ,186,
er,VADR=----A-,V_PRES,826.312,826.38,XNJ,186,
en,PI-CSU--U,PRON_UBST,826.38,826.448,XNJ,186,
amerikansk,ANP.SU=IU,ADJ,826.448,826.698,XNJ,186,
film,NCCSU==I,N,826.698,826.948,XNJ,186,
ikke,RGU,ADV,826.948,827.198,XNJ,186,
...,,,827.198,828.04,XNJ,186,
øh,I=,INTERJ,830.261,831.082,ACM,189,
...,,,831.082,831.615,ACM,189,
jeg,PP1CSN-NU,PRON_PERS,831.615,831.74,ACM,189,
har,VADR=----A-,V_PRES,831.74,831.865,ACM,189,
ikke,RGU,ADV,831.865,831.99,ACM,189,
set,VAPA=S.I.-U,V_PARTC_PAST,831.99,832.114,ACM,189,
så,RGU,ADV,832.114,832.239,ACM,189,
mange,ANP.PU=.U,ADJ,832.239,832.364,ACM,189,
danske,ANP.PU=.U,ADJ,832.364,832.546,ACM,189,
i,SP,PRÃ†P,832.546,832.729,ACM,189,
biografen,NCCSU==D,N,832.729,833.545,ACM,189,
...,,,833.545,834.166,ACM,189,
altså,RGU,ADV,834.166,834.315,ACM,189,
jeg,PP1CSN-NU,PRON_PERS,834.315,834.463,ACM,189,
har,VADR=----A-,V_PRES,834.463,834.612,ACM,189,
set,VAPA=S.I.-U,V_PARTC_PAST,834.612,834.95,ACM,189,
øh,I=,INTERJ,834.95,835.289,ACM,189,
Den,NP--U==-,EGEN,835.289,835.47,ACM,189,
Kroniske,XZ,,835.47,835.943,ACM,189,
Uskyld,XZ,,835.943,836.204,ACM,189,
og,CC,SKONJ,836.204,836.465,ACM,189,
Kundskabens,NP--U==-,EGEN,836.465,837.13,ACM,189,
Træ,XZ,,837.13,837.466,ACM,189,
og,CC,SKONJ,837.466,837.802,ACM,189,
Zappa,NP--U==-,EGEN,837.802,838.031,ACM,189,
og,CC,SKONJ,838.031,838.26,ACM,189,
så,RGU,ADV,838.26,838.488,ACM,189,
nogle,PI-.PU--U,PRON_UBST,838.488,838.717,ACM,189,
men,CC,SKONJ,838.717,838.946,ACM,189,
....,,,838.946,841.059,ACM,189,
det,PP3NSU-NU,PRON_PERS,2.182,2.246,XMK,2,
er,VADR=----A-,V_PRES,2.246,2.31,XMK,2,
da,RGU,ADV,2.31,2.374,XMK,2,
også,RGU,ADV,2.374,2.438,XMK,2,
fordi,CS,UKONJ,2.438,2.665,XMK,2,
du,PP2CSN-NU,PRON_PERS,2.665,2.766,XMK,2,
har,VADR=----A-,V_PRES,2.766,2.866,XMK,2,
så,RGU,ADV,2.866,2.962,XMK,2,
nogle,PI-.PU--U,PRON_UBST,2.962,3.059,XMK,2,
stramme,ANP.PU=.U,ADJ,3.059,3.453,XMK,2,
bukser,NCCPU==I,N,3.453,3.805,XMK,2,
...,,,3.805,4.356,XMK,2,
ja,I=,INTERJ,24.112,24.228,XLS,15,
..,,,24.228,24.37,XLS,15,
ja,I=,INTERJ,24.37,24.526,XLS,15,
...,,,24.526,25.066,XLS,15,
øh,I=,INTERJ,25.066,25.322,XLS,15,
I,PP2CPN-NU,PRON_PERS,25.322,25.579,XLS,15,
skal,VADR=----A-,V_PRES,25.579,25.835,XLS,15,
tælle,VAF-=----A-,V_INF,25.835,26.057,XLS,15,
til,SP,PRÃ†P,26.057,26.279,XLS,15,
ti,AC---U=--,NUM,26.279,26.639,XLS,15,
..,,,26.639,26.891,XLS,15,
øh,I=,INTERJ,26.891,27.045,XLS,15,
en,PI-CSU--U,PRON_UBST,27.045,27.2,XLS,15,
ad,SP,PRÃ†P,27.2,27.354,XLS,15,
gangen,NCCSU==D,N,27.354,27.613,XLS,15,
og,CC,SKONJ,27.613,27.872,XLS,15,
skal,VADR=----A-,V_PRES,27.872,28.072,XLS,15,
I,PP2CPN-NU,PRON_PERS,28.072,28.273,XLS,15,
sige,VAF-=----A-,V_INF,28.273,28.485,XLS,15,
jeres,PO2..UPNU,PRON_POSS,28.485,28.697,XLS,15,
navn,NCNSU==I,N,28.697,28.909,XLS,15,
..,,,28.909,29.01,XLS,15,
skal,VADR=----A-,V_PRES,29.01,29.208,XLS,15,
vi,PP1CPN-NU,PRON_PERS,29.208,29.406,XLS,15,
starte,VAF-=----A-,V_INF,29.406,29.604,XLS,15,
med,SP,PRÃ†P,29.604,29.888,XLS,15,
Mahdi,XZ,,29.888,30.172,XLS,15,
...,,,30.172,31.064,XLS,15,
okay,I=,INTERJ,92.688,93.068,XLS,36,
...,,,93.068,93.861,XLS,36,
hvad,PT-.SU--U,PRON_INTER_REL,93.861,94.115,XLS,36,
med,SP,PRÃ†P,94.115,94.369,XLS,36,
..,,,94.369,94.651,XLS,36,
er,VADR=----A-,V_PRES,94.651,94.85,XLS,36,
der,U=,UNIK,94.85,95.048,XLS,36,
..,,,95.048,95.416,XLS,36,
forskellige,ANP.PU=.U,ADJ,95.416,95.767,XLS,36,
måder,NCCPU==I,N,95.767,95.938,XLS,36,
at,U=,UNIK,95.938,96.11,XLS,36,
tale,VAF-=----A-,V_INF,96.11,96.476,XLS,36,
arabisk,ANP.SU=IU,ADJ,96.476,96.841,XLS,36,
på,SP,PRÃ†P,96.841,96.96,XLS,36,
og,CC,SKONJ,96.96,97.079,XLS,36,
forskellige,ANP.PU=.U,ADJ,97.079,97.442,XLS,36,
måder,NCCPU==I,N,97.442,97.582,XLS,36,
at,U=,UNIK,97.582,97.722,XLS,36,
tale,VAF-=----A-,V_INF,97.722,97.946,XLS,36,
dansk,ANP.SU=IU,ADJ,97.946,98.295,XLS,36,
på,SP,PRÃ†P,98.295,98.56,XLS,36,
måske,RGU,ADV,98.56,98.824,XLS,36,
...,,,98.824,99.646,XLS,36,
så,RGU,ADV,304.297,304.695,ELL,78,
farver,NCCPU==I,N,304.695,305.094,ELL,78,
jeg,PP1CSN-NU,PRON_PERS,305.094,305.492,ELL,78,
he-,XZ,,305.492,305.837,ELL,78,
pigens,NCCSG==D,N_GEN,305.837,306.318,ELL,78,
hår,NCNSU==I,N,306.318,306.798,ELL,78,
det,PP3NSU-NU,PRON_PERS,306.798,307.013,ELL,78,
skal,VADR=----A-,V_PRES,307.013,307.228,ELL,78,
være,VAF-=----A-,V_INF,307.228,307.611,ELL,78,
..,,,307.611,307.857,ELL,78,
ja,I=,INTERJ,331.496,332.052,AAL,86,
undskyld,I=,INTERJ,332.052,332.609,AAL,86,
....,,,332.609,336.314,AAL,86,
det,PP3NSU-NU,PRON_PERS,336.314,336.431,AAL,86,
er,VADR=----A-,V_PRES,336.431,336.548,AAL,86,
jo,RGU,ADV,336.548,336.664,AAL,86,
ligesom,CS,UKONJ,336.664,336.781,AAL,86,
ikke,RGU,ADV,336.781,336.898,AAL,86,
min,PO1CSUSNU,PRON_POSS,336.898,337.194,AAL,86,
skyld,NCCSU==I,N,337.194,337.454,AAL,86,
vel,RGU,ADV,337.454,337.715,AAL,86,
..,,,337.715,338.083,AAL,86,
med,SP,PRÃ†P,353.636,353.814,MIH,95,
mi-,XZ,,353.814,353.991,MIH,95,
med,SP,PRÃ†P,354.302,354.418,MIH,95,
min,PO1CSUSNU,PRON_POSS,354.418,354.533,MIH,95,
fine,ANP.SU=DU,ADJ,354.533,354.958,MIH,95,
s-,XZ,,354.958,355.464,MIH,95,
skrift,NCCSU==I,N,355.464,355.969,MIH,95,
...,,,355.969,356.847,MIH,95,
ja,I=,INTERJ,356.847,357.071,ELL,96,
med,SP,PRÃ†P,357.071,357.274,ELL,96,
din,PO2CSUSNU,PRON_POSS,357.274,357.476,ELL,96,
meget,ANP---=-R,ADJ,357.476,357.679,ELL,96,
flotte,ANP.PU=.U,ADJ,357.679,357.948,ELL,96,
..,,,357.948,358.218,ELL,96,
ej,I=,INTERJ,416.755,416.94,AAL,123,
..,,,416.94,417.043,AAL,123,
ej,I=,INTERJ,417.043,417.203,AAL,123,
..,,,417.203,417.309,AAL,123,
stop,NCNSU==I,N,417.309,417.565,AAL,123,
der,U=,UNIK,417.565,417.761,AAL,123,
stop,NCNSU==I,N,417.761,417.957,AAL,123,
der,U=,UNIK,417.957,418.175,AAL,123,
æh,I=,INTERJ,418.175,418.607,AAL,123,
stop,NCNSU==I,N,418.607,419.039,AAL,123,
der,U=,UNIK,419.039,419.57,AAL,123,
....,,,419.57,421.736,AAL,123,
så,RGU,ADV,421.736,421.904,AAL,123,
skal,VADR=----A-,V_PRES,421.904,422.073,AAL,123,
han,PP3CSN-NU,PRON_PERS,422.073,422.241,AAL,123,
have,VAF-=----A-,V_INF,422.241,422.411,AAL,123,
en,PI-CSU--U,PRON_UBST,422.411,422.581,AAL,123,
grøn,ANPCSU=IU,ADJ,422.581,422.751,AAL,123,
trøje,NCCSU==I,N,422.751,423.18,AAL,123,
hendes,PO3..USNU,PRON_POSS,437.37,437.574,MIH,134,
ben,NCNPU==I,N,437.574,437.778,MIH,134,
de,PP3.PN-NU,PRON_PERS,437.778,437.886,MIH,134,
er,VADR=----A-,V_PRES,437.886,437.993,MIH,134,
bare,RGU,ADV,437.993,438.101,MIH,134,
bare,RGU,ADV,438.101,438.282,MIH,134,
ben,NCNPU==I,N,438.282,438.463,MIH,134,
hun,PP3CSN-NU,PRON_PERS,438.463,438.644,MIH,134,
har,VADR=----A-,V_PRES,438.644,438.826,MIH,134,
på,SP,PRÃ†P,438.826,439.007,MIH,134,
..,,,439.007,439.188,MIH,134,
okay,I=,INTERJ,460.871,461.108,AAL,140,
her,RGU,ADV,461.108,461.344,AAL,140,
hvis,CS,UKONJ,461.344,461.558,AAL,140,
du,PP2CSN-NU,PRON_PERS,461.558,461.772,AAL,140,
hvis,CS,UKONJ,461.772,462.043,AAL,140,
du,PP2CSN-NU,PRON_PERS,462.043,462.222,AAL,140,
skal,VADR=----A-,V_PRES,462.222,462.4,AAL,140,
bruge,VAF-=----A-,V_INF,462.4,462.571,AAL,140,
nogle,PI-.PU--U,PRON_UBST,462.571,462.742,AAL,140,
farver,NCCPU==I,N,462.742,463.054,AAL,140,
..,,,463.054,463.222,AAL,140,
der,U=,UNIK,505.856,505.992,ELL,160,
skal,VADR=----A-,V_PRES,505.992,506.128,ELL,160,
være,VAF-=----A-,V_INF,506.128,506.263,ELL,160,
en,PI-CSU--U,PRON_UBST,506.263,506.398,ELL,160,
lille,ANP.SU=.U,ADJ,506.398,506.534,ELL,160,
fuglerede,NC..U==.,N,506.534,507.213,ELL,160,
deroppe,RGU,ADV,507.213,507.656,ELL,160,
....,,,507.656,508.99,ELL,160,
xxx,XZ,,508.99,509.214,MIH,161,
jeg,PP1CSN-NU,PRON_PERS,509.214,509.438,MIH,161,
kan,VADR=----A-,V_PRES,509.438,509.568,MIH,161,
lige,RGU,ADV,509.568,509.699,MIH,161,
lave,VAF-=----A-,V_INF,509.699,509.83,MIH,161,
en,PI-CSU--U,PRON_UBST,509.83,509.96,MIH,161,
nogle,PI-.PU--U,PRON_UBST,509.96,510.218,MIH,161,
skyer,NCCPU==I,N,510.218,510.695,MIH,161,
....,,,510.695,511.794,MIH,161,
..,,,511.794,512.048,MIH,161,
...,,,512.048,512.622,MIH,161,
og,CC,SKONJ,519.788,519.926,MIH,166,
jeg,PP1CSN-NU,PRON_PERS,519.926,520.064,MIH,166,
så,RGU,ADV,520.064,520.202,MIH,166,
billeder,NCNPU==I,N,520.202,520.436,MIH,166,
af,SP,PRÃ†P,520.436,520.671,MIH,166,
mit,PO1NSUSNU,PRON_POSS,520.671,520.905,MIH,166,
hotel,NCNSU==I,N,520.905,521.194,MIH,166,
i,SP,PRÃ†P,521.194,521.482,MIH,166,
dag,NCCSU==I,N,521.482,521.77,MIH,166,
..,,,521.77,522.059,MIH,166,
er,VADR=----A-,V_PRES,521.097,521.29,MDI,167,
det,PP3NSU-NU,PRON_PERS,521.29,521.482,MDI,167,
okay,I=,INTERJ,521.482,521.674,MDI,167,
jeg,PP1CSN-NU,PRON_PERS,521.674,521.867,MDI,167,
laver,VADR=----A-,V_PRES,521.867,522.059,MDI,167,
græs,NCNSU==I,N,522.059,522.388,MDI,167,
hele,ANP.SU=DU,ADJ,522.388,522.672,MDI,167,
vejen,NCCSU==D,N,522.672,522.956,MDI,167,
derover,RGU,ADV,522.956,523.478,MDI,167,
...,,,523.478,524,MDI,167,
...,,,524,524.522,MDI,167,
Ella,NP--U==-,EGEN,524.522,524.829,MDI,167,
jeg,PP1CSN-NU,PRON_PERS,524.829,525.137,MDI,167,
laver,VADR=----A-,V_PRES,525.137,525.444,MDI,167,
græs,NCNSU==I,N,525.444,525.718,MDI,167,
hele,ANP.SU=DU,ADJ,525.718,525.991,MDI,167,
vejen,NCCSU==D,N,525.991,526.259,MDI,167,
derover,RGU,ADV,526.259,526.527,MDI,167,
flotte,ANP.PU=.U,ADJ,549.472,549.796,MIH,182,
skyer,NCCPU==I,N,549.796,550.198,MIH,182,
okay,I=,INTERJ,556.486,556.613,MIH,182,
men,CC,SKONJ,556.613,556.739,MIH,182,
vi,PP1CPN-NU,PRON_PERS,556.739,556.866,MIH,182,
kan,VADR=----A-,V_PRES,556.866,556.994,MIH,182,
også,RGU,ADV,556.994,557.122,MIH,182,
lave,VAF-=----A-,V_INF,557.122,557.307,MIH,182,
en,PI-CSU--U,PRON_UBST,557.307,557.491,MIH,182,
sol,NCCSU==I,N,557.491,557.676,MIH,182,
...,,,557.676,558.26,MIH,182,
der,U=,UNIK,617.212,617.38,AAL,213,
er,VADR=----A-,V_PRES,617.38,617.548,AAL,213,
mange,ANP.PU=.U,ADJ,617.548,617.716,AAL,213,
drenge,NCCPU==I,N,617.716,617.972,AAL,213,
der,U=,UNIK,617.972,618.227,AAL,213,
tror,VADR=----A-,V_PRES,618.227,618.396,AAL,213,
jeg,PP1CSN-NU,PRON_PERS,618.396,618.566,AAL,213,
kommer,VADR=----A-,V_PRES,618.566,618.868,AAL,213,
fra,SP,PRÃ†P,618.868,619.171,AAL,213,
..,,,619.171,619.391,AAL,213,
et,PI-NSU--U,PRON_UBST,619.391,619.546,AAL,213,
eller,CC,SKONJ,619.546,619.7,AAL,213,
andet,PI-NSU--U,PRON_UBST,619.7,619.855,AAL,213,
andet,PI-NSU--U,PRON_UBST,619.855,620.154,AAL,213,
land,NCNSU==I,N,620.154,620.454,AAL,213,
end,CS,UKONJ,620.454,620.713,AAL,213,
Danmark,NP--U==-,EGEN,620.713,621.145,AAL,213,
..,,,621.145,621.577,AAL,213,
..,,,646.105,646.361,ELL,222,
nej,I=,INTERJ,646.361,646.616,ELL,222,
det,PP3NSU-NU,PRON_PERS,646.616,646.872,ELL,222,
er,VADR=----A-,V_PRES,646.872,647.127,ELL,222,
en,PI-CSU--U,PRON_UBST,647.127,647.383,ELL,222,
halv,ANPCSU=IU,ADJ,647.383,647.638,ELL,222,
time,NCCSU==I,N,647.638,647.894,ELL,222,
jeg,PP1CSN-NU,PRON_PERS,759.645,759.846,ELL,265,
laver,VADR=----A-,V_PRES,759.846,760.046,ELL,265,
en,PI-CSU--U,PRON_UBST,760.046,760.247,ELL,265,
i,SP,PRÃ†P,760.247,760.448,ELL,265,
hendes,PO3..USNU,PRON_POSS,760.448,760.68,ELL,265,
hånd,NCCSU==I,N,760.68,760.913,ELL,265,
...,,,760.913,761.771,ELL,265,
årh,I=,INTERJ,780.84,780.976,MIH,271,
er,VADR=----A-,V_PRES,780.976,781.111,MIH,271,
den,PP3CSU-NU,PRON_PERS,781.111,781.246,MIH,271,
ikke,RGU,ADV,781.246,781.382,MIH,271,
fin,ANPCSU=IU,ADJ,781.382,781.594,MIH,271,
min,PO1CSUSNU,PRON_POSS,781.594,781.807,MIH,271,
blomst,NCCSU==I,N,781.807,782.508,MIH,271,
....,,,782.508,784.222,MIH,271,
den,PP3CSU-NU,PRON_PERS,784.222,784.354,MIH,271,
bliver,VADR=----A-,V_PRES,784.354,784.486,MIH,271,
meget,ANP.SU=IU,ADJ,784.486,784.618,MIH,271,
stor,ANPCSU=IU,ADJ,784.618,784.83,MIH,271,
i,SP,PRÃ†P,784.83,785.041,MIH,271,
det,PP3NSU-NU,PRON_PERS,785.041,785.253,MIH,271,
men,CC,SKONJ,785.253,785.514,MIH,271,
øh,I=,INTERJ,785.514,785.776,MIH,271,
ja,I=,INTERJ,785.776,786.037,MIH,271,
okay,I=,INTERJ,786.037,786.298,MIH,271,
....,,,786.298,787.748,MIH,271,
øh,I=,INTERJ,71.997,72.188,AKS,11,
ja,I=,INTERJ,72.378,72.569,AKS,11,
vi,PP1CPN-NU,PRON_PERS,72.569,72.76,AKS,11,
er,VADR=----A-,V_PRES,72.76,72.95,AKS,11,
i,SP,PRÃ†P,72.95,73.141,AKS,11,
gang,NCCSU==I,N,73.141,73.386,AKS,11,
med,SP,PRÃ†P,73.386,73.631,AKS,11,
at,U=,UNIK,73.631,73.876,AKS,11,
lave,VAF-=----A-,V_INF,73.876,74.121,AKS,11,
nogle,PI-.PU--U,PRON_UBST,74.121,74.366,AKS,11,
forskellige,ANP.PU=.U,ADJ,74.366,74.647,AKS,11,
emner,NCNPU==I,N,74.647,74.927,AKS,11,
i,SP,PRÃ†P,74.927,75.208,AKS,11,
de,PD-.PU--U,PRON_DEMO,75.208,75.489,AKS,11,
forskellige,ANP.PU=.U,ADJ,75.489,75.769,AKS,11,
fag,NCNPU==I,N,75.769,76.05,AKS,11,
..,,,85.049,85.255,XAS,18,
har,VADR=----A-,V_PRES,85.255,85.438,XAS,18,
det,PP3NSU-NU,PRON_PERS,85.438,85.621,XAS,18,
været,VAPA=S.I.-U,V_PARTC_PAST,85.621,85.804,XAS,18,
en,PI-CSU--U,PRON_UBST,85.804,85.987,XAS,18,
god,ANPCSU=IU,ADJ,85.987,86.17,XAS,18,
sommerferie,NCCSU==I,N,86.17,86.353,XAS,18,
..,,,92.439,92.862,AKS,23,
og,CC,SKONJ,92.862,93.05,AKS,23,
så,RGU,ADV,93.05,93.239,AKS,23,
har,VADR=----A-,V_PRES,93.239,93.427,AKS,23,
jeg,PP1CSN-NU,PRON_PERS,93.427,93.616,AKS,23,
været,VAPA=S.I.-U,V_PARTC_PAST,93.616,93.804,AKS,23,
ovre,RGU,ADV,93.804,93.993,AKS,23,
hos,SP,PRÃ†P,93.993,94.181,AKS,23,
min,PO1CSUSNU,PRON_POSS,94.181,94.37,AKS,23,
moster,NCCSU==I,N,94.37,94.558,AKS,23,
i,SP,PRÃ†P,94.558,94.747,AKS,23,
den,PD-CSU--U,PRON_DEMO,94.747,94.935,AKS,23,
sidste,ANP..U=.U,ADJ,94.935,95.124,AKS,23,
uge,NCCSU==I,N,95.124,95.312,AKS,23,
...,,,95.312,95.946,AKS,23,
hvor,RGU,ADV,95.946,96.304,AKS,23,
jeg,PP1CSN-NU,PRON_PERS,96.304,96.662,AKS,23,
så,RGU,ADV,96.662,97.02,AKS,23,
var,VADA=----A-,V_PAST,97.02,97.377,AKS,23,
til,SP,PRÃ†P,97.377,97.735,AKS,23,
Volbeatkoncert,XZ,,97.735,98.093,AKS,23,
jo,I=,INTERJ,115.95,116.584,AKS,33,
....,,,116.584,119.517,AKS,33,
....,,,119.517,120.848,AKS,33,
uh,XA,FORK,120.848,121.896,AKS,33,
...,,,121.896,122.606,AKS,33,
ikke,RGU,ADV,122.606,122.941,AKS,33,
en,PI-CSU--U,PRON_UBST,122.941,123.276,AKS,33,
særlig,ANPCSU=IU,ADJ,123.276,123.611,AKS,33,
stor,ANPCSU=IU,ADJ,123.611,123.946,AKS,33,
by,NCCSU==I,N,123.946,124.281,AKS,33,
..,,,124.281,124.611,AKS,33,
der,U=,UNIK,124.611,124.931,AKS,33,
sker,VADR=----A-,V_PRES,124.931,125.251,AKS,33,
noget,PI-NSU--U,PRON_UBST,125.251,125.571,AKS,33,
meget,ANP.SU=IU,ADJ,125.571,125.891,AKS,33,
ofte,RGP,ADV,125.891,126.211,AKS,33,
....,,,126.211,127.69,AKS,33,
der,U=,UNIK,127.69,127.841,AKS,33,
er,VADR=----A-,V_PRES,127.841,127.992,AKS,33,
det,PP3NSU-NU,PRON_PERS,127.992,128.143,AKS,33,
man,PI-C.N--U,PRON_UBST,128.143,128.294,AKS,33,
har,VADR=----A-,V_PRES,128.294,128.445,AKS,33,
brug,NCCSU==I,N,128.445,128.596,AKS,33,
for,SP,PRÃ†P,128.596,128.747,AKS,33,
....,,,157.888,159.261,AKS,45,
det,PD-NSU--U,PRON_DEMO,159.261,159.426,AKS,45,
meste,ANS.SU=DU,ADJ,159.426,159.592,AKS,45,
af,SP,PRÃ†P,159.592,159.757,AKS,45,
det,PP3NSU-NU,PRON_PERS,159.757,159.923,AKS,45,
det,PD-NSU--U,PRON_DEMO,159.923,160.088,AKS,45,
er,VADR=----A-,V_PRES,160.088,160.254,AKS,45,
på,SP,PRÃ†P,160.254,160.419,AKS,45,
min,PO1CSUSNU,PRON_POSS,160.419,160.584,AKS,45,
øh,I=,INTERJ,160.584,160.75,AKS,45,
min,PO1CSUSNU,PRON_POSS,160.75,160.915,AKS,45,
fars,NCCSG==I,N_GEN,160.915,161.081,AKS,45,
side,NCCSU==I,N,161.081,161.246,AKS,45,
....,,,161.246,162.675,AKS,45,
hvor,RGU,ADV,162.675,163.015,AKS,45,
jeg,PP1CSN-NU,PRON_PERS,163.015,163.356,AKS,45,
har,VADR=----A-,V_PRES,163.356,163.696,AKS,45,
...,,,163.696,164.587,AKS,45,
en,PI-CSU--U,PRON_UBST,164.587,165.08,AKS,45,
farfar,ANPCSU=IU,ADJ,165.08,165.573,AKS,45,
...,,,165.573,166.489,AKS,45,
en,PI-CSU--U,PRON_UBST,166.489,166.72,AKS,45,
kusine,NCCSU==I,N,166.72,166.951,AKS,45,
og,CC,SKONJ,166.951,167.183,AKS,45,
en,PI-CSU--U,PRON_UBST,167.183,167.414,AKS,45,
fætter,NCCSU==I,N,167.414,167.645,AKS,45,
jo,I=,INTERJ,242.528,243.376,AKS,67,
....,,,243.376,244.893,AKS,67,
..,,,244.893,245.325,AKS,67,
jeg,PP1CSN-NU,PRON_PERS,245.325,245.581,AKS,67,
var,VADA=----A-,V_PAST,245.581,245.837,AKS,67,
i,SP,PRÃ†P,245.837,246.093,AKS,67,
praktik,NCCSU==I,N,246.093,246.35,AKS,67,
i,SP,PRÃ†P,246.35,246.606,AKS,67,
uge,NCCSU==I,N,246.606,246.862,AKS,67,
seks,AC---U=--,NUM,246.862,247.118,AKS,67,
..,,,247.118,247.341,AKS,67,
i,SP,PRÃ†P,247.341,247.656,AKS,67,
ottende,AO---U=--,NUM_ORD,247.656,247.972,AKS,67,
klasse,NCCSU==I,N,247.972,248.287,AKS,67,
..,,,261.689,262.088,XAS,74,
ja,I=,INTERJ,262.088,262.377,XAS,74,
...,,,262.377,263.011,XAS,74,
okay,I=,INTERJ,263.011,263.146,XAS,74,
så,RGU,ADV,263.146,263.281,XAS,74,
du,PP2CSN-NU,PRON_PERS,263.281,263.417,XAS,74,
må,VADR=----A-,V_PRES,263.417,263.552,XAS,74,
have,VAF-=----A-,V_INF,263.552,263.687,XAS,74,
gjort,VAPA=S.I.-U,V_PARTC_PAST,263.687,263.919,XAS,74,
et,PI-NSU--U,PRON_UBST,263.919,264.152,XAS,74,
godt,ANPNSU=IU,ADJ,264.152,264.384,XAS,74,
indtryk,NCNSU==I,N,264.384,264.616,XAS,74,
....,,,346.781,347.987,AKS,107,
det,PP3NSU-NU,PRON_PERS,347.987,348.197,AKS,107,
gør,VADR=----A-,V_PRES,348.197,348.408,AKS,107,
næsten,RGU,ADV,348.408,348.618,AKS,107,
alle,ANP.PU=.U,ADJ,348.618,348.829,AKS,107,
drengene,NCCPU==D,N,348.829,349.039,AKS,107,
....,,,376.365,378.028,XAS,122,
nej,I=,INTERJ,378.028,378.23,XAS,122,
....,,,378.23,379.282,XAS,122,
næ,I=,INTERJ,379.282,379.529,XAS,122,
....,,,379.529,380.703,XAS,122,
øh,I=,INTERJ,380.703,381.022,XAS,122,
hvis,CS,UKONJ,381.022,381.34,XAS,122,
du,PP2CSN-NU,PRON_PERS,381.34,381.658,XAS,122,
skal,VADR=----A-,V_PRES,381.658,381.977,XAS,122,
prøve,VAF-=----A-,V_INF,381.977,382.156,XAS,122,
at,U=,UNIK,382.156,382.334,XAS,122,
beskrive,VAF-=----A-,V_INF,382.334,382.513,XAS,122,
sådan,RGU,ADV,382.513,382.692,XAS,122,
en,PI-CSU--U,PRON_UBST,382.692,382.87,XAS,122,
øh,I=,INTERJ,382.87,383.049,XAS,122,
sådan,RGU,ADV,383.049,383.227,XAS,122,
en,PI-CSU--U,PRON_UBST,383.227,383.406,XAS,122,
typisk,ANP.SU=IU,ADJ,383.406,383.731,XAS,122,
dag,NCCSU==I,N,383.731,384.056,XAS,122,
....,,,385.679,386.937,AKS,125,
hvad,PT-.SU--U,PRON_INTER_REL,386.937,387.116,AKS,125,
jeg,PP1CSN-NU,PRON_PERS,387.116,387.295,AKS,125,
laver,VADR=----A-,V_PRES,387.295,387.474,AKS,125,
en,PI-CSU--U,PRON_UBST,387.474,387.652,AKS,125,
hel,ANPCSU=IU,ADJ,387.652,387.831,AKS,125,
dag,NCCSU==I,N,387.831,388.01,AKS,125,
..,,,390.398,390.643,AKS,127,
hvad,PT-.SU--U,PRON_INTER_REL,390.643,390.952,AKS,127,
sådan,RGU,ADV,390.952,391.261,AKS,127,
en,PI-CSU--U,PRON_UBST,391.261,391.57,AKS,127,
typisk,ANP.SU=IU,ADJ,391.57,391.878,AKS,127,
dag,NCCSU==I,N,391.878,392.187,AKS,127,
der,U=,UNIK,392.187,392.496,AKS,127,
...,,,392.496,393.363,AKS,127,
står,VADR=----A-,V_PRES,393.363,393.706,AKS,127,
jeg,PP1CSN-NU,PRON_PERS,393.706,394.05,AKS,127,
op,RGU,ADV,394.05,394.393,AKS,127,
..,,,394.393,394.559,AKS,127,
cirka,RGU,ADV,394.559,394.783,AKS,127,
et,PI-NSU--U,PRON_UBST,394.783,395.006,AKS,127,
kvarter,NCNSU==I,N,395.006,395.23,AKS,127,
før,CS,UKONJ,395.23,395.453,AKS,127,
jeg,PP1CSN-NU,PRON_PERS,395.453,395.677,AKS,127,
skal,VADR=----A-,V_PRES,395.677,395.9,AKS,127,
møde,NCNSU==I,N,395.9,396.124,AKS,127,
eller,CC,SKONJ,408.526,408.705,AKS,131,
et,PI-NSU--U,PRON_UBST,408.705,408.885,AKS,131,
eller,CC,SKONJ,408.885,409.064,AKS,131,
andet,PI-NSU--U,PRON_UBST,409.064,409.244,AKS,131,
fag,NCNSU==I,N,409.244,409.423,AKS,131,
....,,,409.423,410.942,AKS,131,
og,CC,SKONJ,410.942,411.214,AKS,131,
så,RGU,ADV,411.214,411.485,AKS,131,
går,VADR=----A-,V_PRES,411.485,411.757,AKS,131,
..,,,411.757,411.923,AKS,131,
så,RGU,ADV,411.923,412.265,AKS,131,
går,VADR=----A-,V_PRES,412.265,412.607,AKS,131,
vi,PP1CPN-NU,PRON_PERS,412.607,412.949,AKS,131,
typisk,ANP.SU=IU,ADJ,412.949,413.29,AKS,131,
ned,RGU,ADV,413.29,413.632,AKS,131,
på,SP,PRÃ†P,413.632,413.974,AKS,131,
tanken,NCCSU==D,N,413.974,414.316,AKS,131,
..,,,414.316,414.67,AKS,131,
det,PP3NSU-NU,PRON_PERS,414.67,414.944,AKS,131,
gør,VADR=----A-,V_PRES,414.944,415.218,AKS,131,
jeg,PP1CSN-NU,PRON_PERS,415.218,415.491,AKS,131,
sammen,RGU,ADV,415.491,415.765,AKS,131,
med,SP,PRÃ†P,415.765,416.039,AKS,131,
....,,,416.039,417.408,AKS,131,
Markus,NP--U==-,EGEN,417.408,417.751,AKS,131,
og,CC,SKONJ,417.751,418.094,AKS,131,
øh,I=,INTERJ,418.094,418.438,AKS,131,
nogle,PI-.PU--U,PRON_UBST,418.438,418.781,AKS,131,
gange,NCCPU==I,N,418.781,419.124,AKS,131,
Emil,NP--U==-,EGEN,419.124,419.467,AKS,131,
..,,,419.467,419.766,AKS,131,
nogle,PI-.PU--U,PRON_UBST,419.766,420.056,AKS,131,
gange,NCCPU==I,N,420.056,420.346,AKS,131,
Tobias,NP--U==-,EGEN,420.346,420.636,AKS,131,
og,CC,SKONJ,486.803,486.984,AKS,161,
så,RGU,ADV,486.984,487.166,AKS,161,
sidder,VADR=----A-,V_PRES,487.166,487.347,AKS,161,
vi,PP1CPN-NU,PRON_PERS,487.347,487.528,AKS,161,
typisk,ANP.SU=IU,ADJ,487.528,487.71,AKS,161,
derude,RGU,ADV,487.71,487.891,AKS,161,
det,PP3NSU-NU,PRON_PERS,487.891,488.072,AKS,161,
er,VADR=----A-,V_PRES,488.072,488.254,AKS,161,
også,RGU,ADV,488.254,488.435,AKS,161,
derude,RGU,ADV,488.435,488.672,AKS,161,
jeg,PP1CSN-NU,PRON_PERS,488.672,488.908,AKS,161,
for,SP,PRÃ†P,488.908,489.145,AKS,161,
det,PD-NSU--U,PRON_DEMO,489.145,489.382,AKS,161,
meste,ANS.SU=DU,ADJ,489.382,489.619,AKS,161,
laver,VADR=----A-,V_PRES,489.619,489.855,AKS,161,
lektier,NCCPU==I,N,489.855,490.092,AKS,161,
.,,,543.271,543.35,AKS,183,
men,CC,SKONJ,543.35,543.503,AKS,183,
hvis,CS,UKONJ,543.503,543.656,AKS,183,
jeg,PP1CSN-NU,PRON_PERS,543.656,543.809,AKS,183,
tager,VADR=----A-,V_PRES,543.809,543.962,AKS,183,
sådan,RGU,ADV,543.962,544.115,AKS,183,
en,PI-CSU--U,PRON_UBST,544.115,544.268,AKS,183,
typisk,ANP.SU=IU,ADJ,544.268,544.517,AKS,183,
aften,NCCSU==I,N,544.517,544.767,AKS,183,
nede,RGU,ADV,544.767,545.016,AKS,183,
på,SP,PRÃ†P,545.016,545.216,AKS,183,
molen,NCCSU==D,N,545.216,545.417,AKS,183,
så,RGU,ADV,545.417,545.617,AKS,183,
er,VADR=----A-,V_PRES,545.617,545.817,AKS,183,
det,PD-NSU--U,PRON_DEMO,545.817,546.018,AKS,183,
sild,NCCPU==I,N,546.018,546.218,AKS,183,
....,,,604.585,606.119,AKS,209,
øh,I=,INTERJ,606.119,606.322,AKS,209,
der,U=,UNIK,606.322,606.526,AKS,209,
er,VADR=----A-,V_PRES,606.526,606.73,AKS,209,
store,ANP.PU=.U,ADJ,606.73,606.933,AKS,209,
lommer,NCCPU==I,N,606.933,607.136,AKS,209,
og,CC,SKONJ,607.136,607.34,AKS,209,
.,,,607.34,607.419,AKS,209,
..,,,607.419,607.666,AKS,209,
og,CC,SKONJ,607.666,607.912,AKS,209,
små,ANP.PU=.U,ADJ,607.912,608.158,AKS,209,
lommer,NCCPU==I,N,608.158,608.405,AKS,209,
