RedPoS,label,ortografi
ADV,O,sÃ¥
....,O,....
SKONJ,O,og
PRON_DEMO,B-NP,det
ADJ,I-NP,fÃ¸rste
PRON_PERS,B-NP,I
V_PRES,O,skal
V_INF,O,gÃ¸re
V_PRES,O,kan
PRON_PERS,B-NP,I
V_INF,O,huske
PRON_PERS,B-NP,I
V_PRES,O,har
ADV,O,ogsÃ¥
V_PARTC_PAST,O,vÃ¦ret
ADV,O,med
PRÃ†P,O,til
PRON_PERS,B-NP,det
ADV,O,her
UKONJ,O,fÃ¸r
ADV,O,ikke
..,O,..
PRON_PERS,B-NP,I
V_PAST,O,var
PRÃ†P,O,med
ADJ,B-NP,sidste
N,I-NP,Ã¥r
ADV,O,ogsÃ¥
....,O,....
PRON_DEMO,B-NP,det
ADJ,I-NP,fÃ¸rste
PRON_PERS,B-NP,I
V_PRES,O,skal
V_INF,O,gÃ¸re
PRON_PERS,O,det
V_PRES,O,er
PRON_PERS,B-NP,I
V_PRES,O,skal
V_INF,O,tÃ¦lle
PRÃ†P,O,til
NUM,O,ti
..,O,..
PRÃ†P,O,pÃ¥
INTERJ,O,Ã¸h
..,O,..
PRÃ†P,O,pÃ¥
N,B-NP,skift
....,O,....
PRON_INTER_REL,B-NP,hvem
V_PRES,O,vil
V_INF,O,starte
....,O,....
PRON_PERS,B-NP,det
V_PRES,O,mÃ¥
PRON_PERS,B-NP,du
ADV,O,gerne
....,O,....
ADV,O,bare
N,O,tÃ¦l
PRÃ†P,O,til
NUM,O,ti
..,O,..
SKONJ,O,og
PRON_PERS,O,sig
PRON_POSS,B-NP,dit
N,I-NP,navn
....,O,....
INTERJ,O,mm
V_PRES,O,skal
PRON_PERS,B-NP,jeg
V_INF,O,tÃ¦lle
PRÃ†P,O,til
NUM,O,ti
..,O,..
INTERJ,O,ja
...,O,...
PRON_UBST,O,en
....,O,....
NUM,O,to
....,O,....
NUM,O,tre
....,O,....
NUM,O,fire
....,O,....
NUM,O,fem
....,O,....
NUM,O,seks
....,O,....
NUM,O,syv
....,O,....
NUM,O,otte
....,O,....
NUM,O,ni
....,O,....
NUM,O,ti
...,O,...
EGEN,B-NP,Sandra
...,O,...
PRON_PERS,O,det
V_PAST,O,var
ADJ,O,godt
...,O,...
ADV,O,sÃ¥
V_PRES,O,er
PRON_PERS,O,det
PRON_PERS,B-NP,dig
....,O,....
PRON_UBST,O,en
....,O,....
NUM,O,to
....,O,....
NUM,O,tre
....,O,....
NUM,O,fire
....,O,....
NUM,O,fem
....,O,....
NUM,O,seks
....,O,....
NUM,O,syv
....,O,....
NUM,O,otte
....,O,....
NUM,O,ni
...,O,...
NUM,O,ti
..,O,..
EGEN,B-NP,Sarah
FORK,O,X
..,O,..
EGEN,B-NP,Sarah
FORK,O,X
ADJ,O,perfekt
..,O,..
ADJ,O,mange
INTERJ,O,tak
...,O,...
ADV,O,sÃ¥
V_PRES,O,er
PRON_PERS,O,det
PRON_PERS,B-NP,dig
....,O,....
PRON_UBST,O,en
....,O,....
NUM,O,to
....,O,....
NUM,O,tre
....,O,....
NUM,O,fire
....,O,....
NUM,O,fem
....,O,....
NUM,O,seks
....,O,....
NUM,O,syv
....,O,....
NUM,O,otte
....,O,....
NUM,O,ni
....,O,....
NUM,O,ti
..,O,..
EGEN,B-NP,Lukas
...,O,...
INTERJ,O,tak
....,O,....
SKONJ,O,og
ADV,O,sÃ¥
V_PRES,O,er
PRON_PERS,B-NP,det
PRON_PERS,B-NP,dig
...,O,...
PRON_UBST,O,en
....,O,....
NUM,O,to
....,O,....
NUM,O,tre
....,O,....
NUM,O,fire
....,O,....
NUM,O,fem
....,O,....
NUM,O,seks
....,O,....
NUM,O,syv
....,O,....
NUM,O,otte
....,O,....
NUM,O,ni
....,O,....
NUM,O,ti
...,O,...
Ehab,B-NP,Ehab
FORK,O,X
...,O,...
ADJ,O,smukt
..,O,..
PRON_PERS,B-NP,det
V_PAST,O,var
ADJ,O,godt
...,O,...
INTERJ,O,Ã¸h
...,O,...
V_PRES,O,vil
PRON_PERS,B-NP,du
INTERJ,O,Ã¸h
V_INF,O,fortÃ¦lle
PRON_PERS,B-NP,dem
PRON_INTER_REL,B-NP,hvad
PRON_PERS,B-NP,de
V_PRES,O,skal
V_INF,O,lave
Narges,B-NP,Narges
...,O,...
INTERJ,O,ja
...,O,...
INTERJ,O,Ã¸h
....,O,....
PRON_PERS,B-NP,det
ADV,O,her
....,O,....
V_PRES,O,er
PRÃ†P,O,om
INTERJ,O,Ã¸h
N,B-NP,sprog
....,O,....
ADV,O,hvor
ADJ,O,mange
N,B-NP,sprog
PRON_PERS,O,vi
V_PRES,O,kan
N,O,tale
PRÃ†P,O,pÃ¥
..,O,..
SKONJ,O,eller
...,O,...
ADV,O,hvor
ADJ,O,mange
N,B-NP,mÃ¥der
PRON_PERS,O,vi
V_PRES,O,kan
N,O,tale
PRÃ†P,O,pÃ¥
...,O,...
INTERJ,O,Ã¸h
....,O,....
V_PRES,O,kan
PRON_PERS,B-NP,I
PRON_UBST,B-NP,nogle
..,I-NP,..
PRON_UBST,I-NP,andre
N,I-NP,sprog
UKONJ,I-NP,end
ADJ,I-NP,dansk
....,O,....
INTERJ,O,ja
...,O,...
ADV,O,sÃ¥
V_PRES,O,er
PRON_PERS,O,det
PRON_PERS,B-NP,dig
Ehab,B-NP,Ehab
......,O,......
V_PRES,O,skal
PRON_PERS,B-NP,jeg
V_INF,O,tÃ¦lle
....,O,....
INTERJ,O,uno
..,O,..
N_GEN,O,dos
NUM,O,tres
N,O,anglo
cinco,O,cinco
siete,O,siete
..,O,..
ocho,O,ocho
..,O,..
nueve,O,nueve
diez,O,diez
...,O,...
PRON_INTER_REL,B-NP,hvad
V_PAST,O,var
UNIK,O,der
ADV,O,her
N,B-NP,sprog
..,O,..
EGEN,B-NP,Ecuador
..,O,..
INTERJ,O,ja
....,O,....
SKONJ,O,og
PRON_PERS,B-NP,du
...,O,...
V_PRES,O,kan
PRON_PERS,B-NP,du
ADV,O,ogsÃ¥
PRON_UBST,B-NP,nogen
PRON_UBST,I-NP,andre
N,I-NP,sprog
UKONJ,I-NP,end
ADJ,I-NP,dansk
....,O,....
INTERJ,O,mm
...,O,...
PRON_INTER_REL,B-NP,hvad
PRÃ†P,O,med
PRON_PERS,B-NP,dig
..,O,..
Ehab,B-NP,Ehab
....,O,....
INTERJ,O,nej
....,O,....
PRON_INTER_REL,B-NP,hvad
PRÃ†P,O,med
PRON_PERS,B-NP,dig
..,O,..
INTERJ,O,nej
..,O,..
INTERJ,O,nej
INTERJ,O,okay
...,O,...
INTERJ,O,Ã¸h
V_PRES,O,taler
PRON_PERS,O,I
INTERJ,O,Ã¸h
..,O,..
ADV,O,bare
ADJ,B-NP,dansk
ADV,O,derhjemme
..,O,..
PRÃ†P,O,med
PRON_POSS,O,jeres
N,B-NP,sÃ¸skende
PRÃ†P,O,med
PRON_POSS,O,jeres
N,B-NP,forÃ¦ldre
..,O,..
....,O,....
PRON_INTER_REL,B-NP,hvad
V_PRES,O,taler
PRON_PERS,B-NP,du
PRÃ†P,O,pÃ¥
...,O,...
INTERJ,O,ha
PRON_PERS,B-NP,jeg
V_PRES,O,er
N,B-NP,enebarn
....,O,....
PRON_PERS,B-NP,jeg
V_PRES,O,er
N,B-NP,enebarn
...,O,...
INTERJ,O,okay
..,O,..
PRON_PERS,B-NP,du
V_PRES,O,er
N,B-NP,enebarn
SKONJ,O,men
INTERJ,O,Ã¸h
PRON_PERS,B-NP,du
INTERJ,O,Ã¸h
hv-,O,hv-
PRON_INTER_REL,B-NP,hvad
V_PRES,O,taler
PRON_PERS,B-NP,du
INTERJ,O,Ã¸h
ADV,O,derhjemme
PRÃ†P,O,med
PRON_POSS,B-NP,din
N,I-NP,far
N,B-NP,forÃ¦ldre
....,O,....
V_PRES,O,taler
PRON_PERS,B-NP,du
ADJ,O,dansk
..,O,..
INTERJ,O,ja
..,O,..
INTERJ,O,okay
..,O,..
SKONJ,O,og
d-,O,d-
..,O,..
..,O,..
PRON_INTER_REL,O,hvad
PRÃ†P,O,med
PRON_PERS,B-NP,dig
Ehab,B-NP,Ehab
..,O,..
ADJ,O,dansk
...,O,...
PRON_INTER_REL,B-NP,hvad
PRÃ†P,O,med
PRON_POSS,B-NP,mine
PRÃ†P,O,med
PRON_POSS,B-NP,min
INTERJ,O,Ã¸h
PRÃ†P,O,med
PRON_POSS,B-NP,dine
..,I-NP,..
N,I-NP,sÃ¸skende
....,O,....
ADJ,O,dansk
PRON_PERS,B-NP,det
V_PRES,O,er
ADV,O,ogsÃ¥
ADJ,O,dansk
..,O,..
INTERJ,O,ja
..,O,..
SKONJ,O,og
PRON_PERS,B-NP,du
..,O,..
ADJ,O,dansk
..,O,..
INTERJ,O,ja
....,O,....
PRON_PERS,O,I
V_PRES,O,mÃ¥
ADV,O,gerne
...,O,...
PRON_PERS,B-NP,de
ADV,I-NP,her
N,I-NP,figurer
...,O,...
V_PRES,O,er
PRON_PERS,O,jer
..,O,..
SKONJ,O,eller
V_PRES,O,ligner
PRÃ†P,O,i
PRON_UBST,O,hver
N,O,fald
ADJ,O,lidt
..,O,..
PRON_PERS,B-NP,jer
...,O,...
SKONJ,O,eller
ADV,O,mÃ¥ske
V_PRES,O,kan
PRON_PERS,B-NP,I
..,O,..
ADV,O,bare
INTERJ,O,Ã¸h
V_INF,O,forestille
PRON_PERS,B-NP,jer
UKONJ,O,at
INTERJ,O,Ã¸h
..,O,..
PRON_PERS,B-NP,de
V_PRES,O,er
PRON_PERS,B-NP,jer
...,O,...
ADV,O,sÃ¥
V_PRES,O,skal
PRON_PERS,B-NP,I
N,O,farve
PRON_PERS,B-NP,de
ADV,I-NP,her
N,I-NP,figurer
..,O,..
ADV,O,sammen
...,O,...
PRON_PERS,B-NP,I
V_PRES,O,fÃ¥r
PRON_UBST,B-NP,nogle
INTERJ,I-NP,Ã¸h
N,I-NP,blyanter
...,O,...
SKONJ,O,og
ADV,O,sÃ¥
INTERJ,O,Ã¸h
V_PRES,O,skal
PRON_PERS,B-NP,I
..,O,..
ADV,O,bare
V_INF,O,skrive
PRON_UBST,B-NP,nogle
INTERJ,I-NP,Ã¸h
ADJ,I-NP,forskellige
N,I-NP,sprog
..,O,..
UNIK,O,som
PRON_PERS,B-NP,I
V_PRES,O,kan
..,O,..
SKONJ,O,eller
ADJ,O,forskellige
INTERJ,O,Ã¸h
.,O,.
N,O,mÃ¥der
UNIK,O,at
V_INF,O,tale
PRÃ†P,O,pÃ¥
..,O,..
UNIK,O,som
PRON_PERS,B-NP,I
V_PRES,O,kan
...,O,...
PRON_DEMO,B-NP,den
N,I-NP,mÃ¥de
PRON_UBST,B-NP,man
N,O,taler
ADV,O,her
PRÃ†P,O,i
N,B-NP,skolen
SKONJ,O,eller
ADV,O,derhjemme
SKONJ,O,eller
...,O,...
INTERJ,O,Ã¸h
..,O,..
INTERJ,O,Ã¸h
..,O,..
PRÃ†P,O,pÃ¥
PRON_UBST,B-NP,et
..,I-NP,..
PRON_UBST,I-NP,andet
N,I-NP,land
..,O,..
INTERJ,O,ja
....,O,....
SKONJ,O,og
PRON_PERS,B-NP,du
V_PRES,O,kan
..,O,..
INTERJ,O,ja
...,O,...
INTERJ,O,ja
...,O,...
ADV,O,sÃ¥
PRON_PERS,B-NP,I
V_PRES,O,er
ADJ,O,meget
..,O,..
INTERJ,O,Ã¸h
...,O,...
ADJ,O,velkomne
..,O,..
UKONJ,O,at
N,O,farve
PRON_PERS,B-NP,de
ADV,I-NP,her
N,I-NP,figurer
ADV,O,sammen
...,O,...
SKONJ,O,og
ADV,O,sÃ¥
..,O,..
ADV,O,mÃ¥ske
PRON_UBST,B-NP,nogle
INTERJ,I-NP,Ã¸h
N,I-NP,flag
...,O,...
INTERJ,O,okay
..,O,..
ADV,O,her
PRÃ†P,O,pÃ¥
N,B-NP,papiret
...,O,...
PRON_PERS,B-NP,vi
V_PRES,O,sidder
ADV,O,bare
ADV,O,udenfor
...,O,...
SKONJ,O,og
UKONJ,O,hvis
INTERJ,O,Ã¸h
PRON_PERS,B-NP,I
V_PRES,O,har
PRON_UBST,B-NP,nogen
N,I-NP,spÃ¸rgsmÃ¥l
..,O,..
V_PRES,O,kommer
PRON_PERS,B-NP,I
PRÃ†P,O,til
PRON_PERS,B-NP,os
..,O,..
SKONJ,O,og
V_PRES,O,spÃ¸rger
PRON_PERS,B-NP,os
...,O,...
SKONJ,O,og
UNIK,O,der
V_PRES,O,er
ADV,O,ikke
PRON_UBST,O,noget
ADJ,O,forkert
SKONJ,O,eller
ADJ,O,rigtig
..,O,..
PRÃ†P,O,i
PRON_DEMO,B-NP,denne
ADV,O,her
...,O,...
INTERJ,O,ja
...,O,...
PRON_PERS,B-NP,det
V_PRES,O,er
ADV,O,bare
PRON_UBST,B-NP,en
N,I-NP,slags
..,I-NP,..
N,I-NP,leg
ADV,O,mÃ¥ske
SKONJ,O,eller
PRON_UBST,B-NP,en
..,I-NP,..
ADJ,I-NP,lille
N,I-NP,Ã¸velse
....,O,....
ADV,O,ikke
...,O,...
INTERJ,O,ja
....,O,....
V_PRES,O,er
PRON_PERS,B-NP,det
INTERJ,O,okay
...,O,...
INTERJ,O,ja
dans-,O,dans-
......,O,......
INTERJ,O,ja
PRON_PERS,B-NP,det
V_PRES,O,er
ADJ,O,godt
......,O,......
INTERJ,O,ja
INTERJ,O,ups
....,O,....
INTERJ,O,hej
ADV,O,sÃ¥
ADV,O,lÃ¦nge
....,O,....
INTERJ,O,ha
....,O,....
INTERJ,O,Ã¥h
INTERJ,O,Ã¥h
..,O,..
INTERJ,O,okay
...,O,...
PRON_PERS,B-NP,vi
V_PRES,O,skal
V_INF,O,bruge
ADJ,O,blÃ¥
..,O,..
.,O,.
PRON_PERS,B-NP,vi
V_PRES,O,starter
.,O,.
PRON_INTER_REL,B-NP,hvad
PRÃ†P,O,for
PRON_UBST,B-NP,en
N,O,starter
PRON_PERS,B-NP,vi
PRÃ†P,O,med
...,O,...
PRON_PERS,B-NP,jeg
V_PRES,O,skal
V_INF,O,bruge
ADJ,O,rÃ¸d
V_PRES,O,skal
PRON_PERS,B-NP,vi
ADV,O,ikke
INTERJ,O,Ã¸h
V_INF,O,starte
PRÃ†P,O,med
N,B-NP,drengen
...,O,...
INTERJ,O,okay
PRON_PERS,B-NP,vi
V_PRES,O,starter
PRÃ†P,O,med
N,B-NP,drengen
...,O,...
PRON_PERS,B-NP,det
V_PRES,O,er
PRON_DEMO,B-NP,det
N,I-NP,flag
PRON_PERS,B-NP,jeg
V_PRES,O,skal
V_INF,O,bruge
....,O,....
INTERJ,O,Ã¸h
V_PRES,O,skal
..,O,..
N,B-NP,bukserne
..,O,..
PRON_INTER_REL,B-NP,hvad
N,O,farve
V_PRES,O,skal
N,B-NP,bukserne
V_INF,O,vÃ¦re
V_MED_PRES,O,synes
..,O,..
PRON_PERS,B-NP,I
....,O,....
INTERJ,O,mm
......,O,......
INTERJ,O,mm
....,O,....
V_PRES,O,skal
PRON_PERS,B-NP,de
V_INF,O,vÃ¦re
ADJ,O,mÃ¸rkeblÃ¥
....,O,....
INTERJ,O,mm
..,O,..
....,O,....
SKONJ,O,eller
ADJ,O,sort
....,O,....
INTERJ,O,okay
..,O,..
PRON_PERS,B-NP,vi
V_PRES,O,tager
ADJ,O,mÃ¸rkeblÃ¥
....,O,....
V_PRES,O,er
PRON_DEMO,B-NP,det
ADJ,O,mÃ¸rkeblÃ¥
..,O,..
V_PRES,O,mÃ¥
PRON_PERS,B-NP,jeg
N,O,farve
..,O,..
INTERJ,O,ja
....,O,....
INTERJ,O,okay
ADV,O,sÃ¥
V_PRES,O,skal
PRON_PERS,B-NP,I
V_INF,O,lave
N,B-NP,pigen
..,O,..
INTERJ,O,ja
INTERJ,O,okay
......,O,......
INTERJ,O,nej
..,O,..
ADV,O,sÃ¥
V_PRES,O,bytter
PRON_PERS,B-NP,vi
..,O,..
INTERJ,O,okay
...,O,...
......,O,......
N,B-NP,pigen
V_PRES,O,skal
V_INF,O,have
...,O,...
V_PARTC_PAST,B-NP,brunt
...,I-NP,...
N,I-NP,hÃ¥r
..,O,..
INTERJ,O,ha
ADJ,O,fint
INTERJ,O,ha
INTERJ,O,mm
INTERJ,O,ej
PRÃ†P,O,for
..,O,..
V_PRES,O,mÃ¥
PRON_PERS,B-NP,jeg
N,O,farve
..,O,..
PRON_DEMO,B-NP,det
..,O,..
PRON_PERS,B-NP,jeg
V_PRES,O,tror
ADV,O,ikke
PRON_PERS,B-NP,du
V_PRES,O,skal
N,O,farve
PRON_DEMO,B-NP,det
ADJ,I-NP,hele
..,O,..
PRON_PERS,B-NP,du
V_PRES,O,skal
N,O,farve
ADV,O,hernede
N,B-NP,bukserne
....,O,....
INTERJ,O,ja
....,O,....
PRON_PERS,B-NP,du
V_PRES,O,mÃ¥
ADJ,O,godt
N,O,farve
PRON_DEMO,B-NP,det
..,O,..
INTERJ,O,Ã¥rh
INTERJ,O,ja
SKONJ,O,og
ADV,O,sÃ¥
V_PRES,O,skal
N,B-NP,kjole
..,O,..
V_PRES,O,skal
N,B-NP,kjolen
ADV,O,ikke
V_INF,O,vÃ¦re
ADJ,O,lilla
SKONJ,O,eller
ADJ,O,rÃ¸d
...,O,...
SKONJ,O,eller
ADJ,O,lyserÃ¸d
..,O,..
ADJ,O,lyserÃ¸d
...,O,...
V_PRES,O,skal
N,B-NP,skoene
ADV,O,ikke
..,O,..
V_INF,O,vÃ¦re
ADJ,O,rÃ¸d
PRON_PERS,B-NP,jeg
V_MED_PRES,O,synes
PRON_PERS,B-NP,den
V_PRES,O,skal
V_INF,O,vÃ¦re
ADJ,O,lilla
...,O,...
ADV,O,sÃ¥
V_PRES,O,tager
PRON_PERS,B-NP,vi
PRON_UBST,B-NP,en
ADJ,I-NP,lilla
....,O,....
PRON_PERS,B-NP,jeg
V_PRES,O,finder
ADV,O,lige
PRON_UBST,B-NP,nogle
N,I-NP,farver
UNIK,O,som
PRON_PERS,B-NP,vi
...,O,...
V_PRES,O,kan
..,O,..
V_INF,O,bruge
....,O,....
PRON_INTER_REL,B-NP,hvad
PRÃ†P,O,for
PRON_UBST,B-NP,nogle
EGEN,B-NP,Sandra
....,O,....
PRON_PERS,B-NP,jeg
V_PRES,O,aner
ADV,O,ikke
ADV,O,hvordan
PRON_UBST,B-NP,man
V_PRES,O,tegner
....,O,....
PRON_PERS,B-NP,jeg
V_PRES,O,kan
ADJ,O,godt
V_INF,O,lide
PRON_PERS,B-NP,de
ADV,O,her
N,I-NP,farver
..,O,..
ADV,O,sÃ¥
ADV,O,sÃ¥
V_PRES,O,tegner
PRON_PERS,B-NP,jeg
PRON_DEMO,B-NP,den
...,O,...
V_PRES,O,skal
PRON_PERS,B-NP,vi
V_INF,O,bruge
PRON_PERS,B-NP,dem
...,O,...
ADJ,O,stribede
...,O,...
INTERJ,O,mm
..,O,..
INTERJ,O,nej
....,O,....
ADV,O,vÃ¦k
PRÃ†P,O,med
PRON_PERS,B-NP,dem
....,O,....
INTERJ,O,ja
...,O,...
V_IMP,O,vent
ADV,O,lige
..,O,..
V_PRES,O,skal
PRON_PERS,B-NP,den
ADV,O,ikke
V_INF,O,have
PRON_PERS,B-NP,den
V_PRES,O,skal
PRON_PERS,B-NP,den
ADV,O,ikke
PRÃ†P,O,i
ADJ,O,brun
V_PRES,O,tror
PRON_PERS,B-NP,I
....,O,....
xxx,O,xxx
ADV,O,sÃ¥
N,O,farver
PRON_PERS,B-NP,jeg
leggingsene,B-NP,leggingsene
ADJ,O,sorte
...,O,...
ADV,O,ikke
....,O,....
V_IMP,O,vent
ADV,O,lige
PRON_PERS,B-NP,jeg
V_PRES,O,kan
ADV,O,ikke
ADV,O,engang
V_INF,O,tegne
......,O,......
PRON_PERS,B-NP,jeg
V_PRES,O,skal
ADV,O,lige
V_INF,O,prÃ¸ve
PRON_POSS,B-NP,din
INTERJ,O,arh
....,O,....
INTERJ,O,ha
....,O,....
....,O,....
INTERJ,O,ej
...,O,...
...,O,...
......,O,......
PRON_INTER_REL,B-NP,hvad
N,I-NP,farve
N,I-NP,hÃ¥r
V_PRES,O,skal
PRON_PERS,B-NP,han
V_INF,O,have
....,O,....
PRON_PERS,B-NP,I
V_PRES,O,har
ADJ,O,sort
..,O,..
SKONJ,O,og
..,O,..
PRON_PERS,B-NP,du
V_PRES,O,har
ADJ,O,sort
..,O,..
SKONJ,O,og
PRON_PERS,B-NP,du
V_PRES,O,har
V_PARTC_PAST,O,brunt
....,O,....
PRON_PERS,B-NP,mig
SKONJ,O,og
EGEN,B-NP,Sandra
PRON_PERS,B-NP,vi
V_PRES,O,har
V_PARTC_PAST,O,valgt
V_PARTC_PAST,O,brunt
...,O,...
INTERJ,O,ja
....,O,....
SKONJ,O,men
PRON_DEMO,B-NP,den
N,O,farve
V_PRES,O,kan
PRON_PERS,B-NP,jeg
ADJ,O,godt
V_INF,O,lide
..,O,..
PRON_INTER_REL,B-NP,hvad
PRÃ†P,O,med
PRON_PERS,B-NP,dig
....,O,....
ADV,O,ogsÃ¥
PRON_PERS,B-NP,mig
...,O,...
INTERJ,O,Ã¥h
..,O,..
INTERJ,O,ha
....,O,....
ADJ,B-NP,brunt
N,I-NP,hÃ¥r
....,O,....
PRON_PERS,B-NP,det
V_PRES,O,er
ADJ,O,nÃ¦rmest
ADV,O,kun
PRON_PERS,B-NP,dig
UNIK,O,der
V_PRES,O,bestemmer
EGEN,B-NP,Lukas
....,O,....
PRON_PERS,B-NP,det
V_PRES,O,er
UKONJ,O,fordi
Ehab,B-NP,Ehab
ADV,O,ikke
V_PRES,O,siger
ADV,O,sÃ¥
ADJ,O,meget
...,O,...
V_IMP,O,prøv
ADV,O,lige
UNIK,O,at
V_INF,O,sige
PRON_UBST,B-NP,et
SKONJ,I-NP,eller
PRON_UBST,I-NP,andet
....,O,.
INTERJ,O,hallo
…..,O,.
INTERJ,O,ja
PRON_DEMO,B-NP,den
N,O,kører
....,O,.
PRON_DEMO,B-NP,den
N,O,kører
ADJ,O,fint
....,O,.
V_PRES,O,skal
PRON_PERS,B-NP,vi
ADV,O,lige
V_INF,O,vikle
ADJ,O,alt
PRON_PERS,B-NP,det
ADV,O,her
ADV,O,ud
....,O,.
ADV,O,så
PRON_INTER_REL,B-NP,hvad
V_PAST,O,lavede
PRON_PERS,B-NP,I
ADV,O,så
ADV,O,nede
PRÃ†P,O,i
N,B-NP,fysik
ADV,O,nu
ADV,O,her
..,O,.
PRÃ†P,O,i
ADJ,B-NP,første
N,I-NP,del
PRÃ†P,O,af
N,B-NP,timen
…,O,.
INTERJ,O,øh
…,O,.
UNIK,O,der
V_PAST,O,gennemgik
PRON_PERS,B-NP,han
ADV,O,bare
…,O,.
PRÃ†P,O,om
PRON_PERS,B-NP,det
PRON_PERS,B-NP,vi
V_PAST,O,skulle
PRÃ†P,O,til
UNIK,O,at
V_INF,O,lave
..,O,.
N,B-NP,forsøg
PRÃ†P,O,om
..,O,.
INTERJ,O,nå
INTERJ,O,ha
..,O,.
INTERJ,O,ha
ADV,O,så
PRON_PERS,B-NP,det
V_PRES,O,vil
V_INF,O,sige
PRON_PERS,B-NP,dem
V_PRES,O,får
PRON_PERS,B-NP,du
ADV,O,ikke
V_PARTC_PAST,O,lavet
ADJ,O,rigtig
..,O,..
INTERJ,O,ha
INTERJ,O,ha
INTERJ,O,øh
INTERJ,O,nej
PRON_PERS,B-NP,det
V_PRES,O,tror
PRON_PERS,B-NP,jeg
ADV,O,ikke
..,O,..
INTERJ,O,nej
….,O,….
PRON_PERS,B-NP,det
V_PRES,O,er
INTERJ,O,okay
..,O,..
V_PRES,O,er
PRON_PERS,B-NP,det
PRON_DEMO,B-NP,det
INTERJ,O,ha
..,O,..
PRON_PERS,B-NP,det
V_PRES,O,er
ADJ,O,godt
PRON_INTER_REL,B-NP,hvad
V_MED_PRES,O,synes
PRON_PERS,B-NP,du
PRÃ†P,O,om
N,B-NP,fysik
….,O,….
INTERJ,O,øh
PRON_PERS,B-NP,jeg
...,O,...
PRON_PERS,B-NP,jeg
V_PRES,O,har
ADV,O,ikke
ADJ,O,rigtig
V_PARTC_PAST,O,forstået
PRON_DEMO,B-NP,det
ADJ,I-NP,hele
...,O,...
INTERJ,O,øh
….,O,….
PRÃ†P,O,på
PRON_UBST,B-NP,et
SKONJ,I-NP,eller
PRON_UBST,I-NP,andet
N,I-NP,tidspunkt
V_PRES,O,har
PRON_PERS,B-NP,jeg
PRÃ†P,O,i
PRON_UBST,B-NP,hvert
N,I-NP,fald
V_PARTC_PAST,O,tænkt
PRON_PERS,B-NP,mig
UKONJ,O,at
...,O,...
V_INF,O,sidde
PRÃ†P,O,med
PRON_UBST,B-NP,en
SKONJ,I-NP,eller
PRON_UBST,I-NP,anden
..,O,..
UNIK,O,som
V_PRES,O,skal
V_INF,O,forklare
PRON_PERS,B-NP,mig
PRON_DEMO,B-NP,det
…,O,…
INTERJ,O,ja
….,O,….
UNIK,O,som
V_PRES,O,kan
….,O,….
INTERJ,O,mm
...,O,...
SKONJ,O,men
PRON_INTER_REL,B-NP,hvad
V_PRES,O,hedder
PRON_PERS,B-NP,det
INTERJ,O,øh
….,O,….
INTERJ,O,øh
ADV,O,så
V_PRES,O,kommer
PRON_PERS,B-NP,det
V_PRES,O,vil
V_INF,O,sige
Israh,B-NP,Israh
PRON_PERS,B-NP,hun
V_PRES,O,kommer
ADV,O,så
ADV,O,ned
..,O,..
PRON_PERS,B-NP,hun
V_PRES,O,har
ADV,O,så
ADV,O,ikke
V_PARTC_PAST,O,hørt
ADV,O,hvordan
...,O,...
INTERJ,O,nej
PRON_DEMO,B-NP,det
V_PAST,O,skulle
..,O,..
V_INF,O,gøres
SKONJ,O,og
ADV,O,så
INTERJ,O,ha
.,O,.
SKONJ,O,og
ADJ,O,omvendt
ADV,O,så
V_PRES,O,har
PRON_PERS,B-NP,du
V_PARTC_PAST,O,hørt
ADV,O,hvordan
PRON_PERS,B-NP,det
V_PRES,O,skal
V_INF,O,gøres
SKONJ,O,men
INTERJ,O,øh
..,O,..
V_PRES,O,kommer
ADV,O,ikke
PRÃ†P,O,til
UNIK,O,at
V_INF,O,gøre
PRON_DEMO,B-NP,det
...,O,...
INTERJ,O,nå
SKONJ,O,men
PRON_PERS,B-NP,det
V_PRES,O,gør
ADV,O,vel
ADV,O,ikke
INTERJ,O,øh
INTERJ,O,ja
INTERJ,O,ha
PRON_PERS,B-NP,jeg
V_PRES,O,håber
ADV,O,ikke
PRON_PERS,B-NP,det
V_PRES,O,gør
PRON_UBST,B-NP,noget
INTERJ,O,ha
INTERJ,O,ha
INTERJ,O,nej
INTERJ,O,ha
PRON_INTER_REL,B-NP,hvad
V_PRES,O,hedder
PRON_PERS,B-NP,det
V_PRES,O,vil
PRON_PERS,B-NP,du
ADV,O,ikke
V_INF,O,prøve
UNIK,O,at
V_INF,O,fortælle
ADJ,O,lidt
PRÃ†P,O,om
..,O,..
UKONJ,O,fordi
ADV,O,nu
V_PRES,O,har
PRON_PERS,B-NP,vi
ADV,O,jo
V_PARTC_PAST,O,været
ADV,O,her
PRÃ†P,O,hos
PRON_PERS,B-NP,jer
ADV,O,sÃ¥
l-,O,l-
ADV,O,altsÃ¥
ADV,O,snart
PRON_UBST,B-NP,et
N,I-NP,Ã¥r
ADJ,O,faktisk
INTERJ,O,ha
INTERJ,O,mm
..,O,..
V_PRES,O,vil
PRON_PERS,B-NP,du
ADV,O,ikke
V_INF,O,prøve
UKONJ,O,at
.,O,.
UKONJ,O,at
b-,O,b-
UNIK,O,at
V_INF,O,beskrive
ADJ,O,lidt
ADV,O,hvordan
PRON_PERS,B-NP,du
PRÃ†P,O,om
UNIK,O,der
V_PRES,O,er
V_PARTC_PAST,O,sket
PRON_UBST,B-NP,nogen
N,I-NP,ændringer
ADV,O,altså
UNIK,O,der
V_PRES,O,er
..,O,..
PRÃ†P,O,om
UNIK,O,der
V_PRES,O,er
PRON_UBST,B-NP,noget
UNIK,O,der
V_PRES,O,er
ADJ,O,anderledes
PRÃ†P,O,fra
ADV,O,dengang
PRON_PERS,B-NP,vi
V_PAST,O,begyndte
UNIK,O,at
V_INF,O,komme
PRÃ†P,O,i
N,B-NP,forhold
PRÃ†P,O,til
ADV,O,nu
...,O,...
PRÃ†P,O,i
PRON_POSS,B-NP,jeres
N,I-NP,klasse
..,O,..
INTERJ,O,mm
..,O,..
SKONJ,O,eller
PRÃ†P,O,med
PRON_PERS,B-NP,dig
ADV,O,sådan
...,O,...
PRON_PERS,B-NP,jeg
V_MED_PRES,O,synes
..,O,..
UKONJ,O,at
...,O,...
PRON_DEMO,B-NP,det
….,O,….
ADV,O,sådan
..,O,..
ADV,O,måske
.,O,.
UNIK,O,som
N,B-NP,klasse
..,O,..
V_PRES,O,er
PRON_PERS,B-NP,vi
V_PARTC_PAST,O,begyndt
..,O,..
ADV,O,her
PRÃ†P,O,i
NUM_ORD,B-NP,ottende
N,I-NP,klasse
UNIK,O,at
V_INF,O,snakke
..,O,..
ADJ,O,lidt
ADJ,O,mere
ADV,O,sammen
..,O,..
ADV,O,sådan
..,O,..
N,B-NP,drengene
SKONJ,O,og
N,B-NP,pigerne
V_PRES,O,snakker
ADJ,O,lidt
.,O,.
ADJ,O,mere
ADV,O,sammen
….,O,….
ADV,O,sådan
SKONJ,O,og
….,O,….
INTERJ,O,ja
ADV,O,så
PRÃ†P,O,på
PRON_DEMO,B-NP,den
N,I-NP,måde
V_MED_PRES,O,synes
PRON_PERS,B-NP,jeg
N,B-NP,forholdene
V_PRES,O,er
V_PARTC_PAST,O,blevet
ADJ,O,bedre
….,O,….
INTERJ,O,okay
...,O,...
ADV,O,så
INTERJ,O,øh
ADV,O,så
ADV,O,hvordan
s-,O,s-
...,O,...
ADV,O,så
PRÃ†P,O,i
NUM_ORD,B-NP,syvende
N,I-NP,klasse
SKONJ,O,eller
UKONJ,O,før
V_PAST,O,var
PRON_DEMO,B-NP,det
ADJ,O,mere
V_PARTC_PAST,O,adskilt
PRÃ†P,O,i
..,O,..
….,O,….
INTERJ,O,mm
INTERJ,O,ja
..,O,..
INTERJ,O,ja
….,O,….
V_PRES,O,er
PRON_PERS,B-NP,det
ADV,O,så
PRON_UBST,B-NP,nogen
PRÃ†P,O,af
N,B-NP,drengene
ADV,O,altså
V_PRES,O,er
PRON_PERS,B-NP,det
PRON_UBST,B-NP,nogen
ADJ,I-NP,bestemte
N,I-NP,drenge
PRON_PERS,B-NP,I
V_PRES,O,er
V_PARTC_PAST,O,begyndt
UNIK,O,at
V_INF,O,snakke
PRÃ†P,O,med
ADJ,O,mere
PRÃ†P,O,med
...,O,...
INTERJ,O,øh
PRON_PERS,B-NP,jer
N,B-NP,piger
SKONJ,O,eller
..,O,..
INTERJ,O,øh
INTERJ,O,mm
….,O,….
INTERJ,O,øh
T-,O,T-
..,O,..
Tahir,B-NP,Tahir
Mahmoud,B-NP,Mahmoud
SKONJ,O,og
Isaam,B-NP,Isaam
SKONJ,O,og
...,O,...
ADV,O,sådan
..,O,..
ADJ,O,lidt
ADJ,O,forskellig
….,O,….
INTERJ,O,okay
….,O,….
SKONJ,O,og
PRON_INTER_REL,B-NP,hvad
PRÃ†P,O,med
ADV,O,sådan
..,O,..
V_PRES,O,har
PRON_PERS,B-NP,det
V_PARTC_PAST,O,ændret
PRON_PERS,B-NP,sig
PRON_PERS,B-NP,de
..,O,..
PRON_INTER_REL,B-NP,hvem
PRON_PERS,B-NP,du
V_PRES,O,gør
ADV,O,sammen
PRÃ†P,O,med
….,O,….
INTERJ,O,øh
INTERJ,O,nej
..,O,..
PRÃ†P,O,af
N,B-NP,pigerne
..,O,..
PRÃ†P,O,af
N,B-NP,pigerne
..,O,..
V_PRES,O,går
PRON_PERS,B-NP,jeg
...,O,...
PRÃ†P,O,med
PRON_PERS,B-NP,dem
PRON_PERS,B-NP,jeg
V_PRES,O,plejer
ADV,O,nu
V_PRES,O,er
PRON_PERS,B-NP,jeg
V_PARTC_PAST,O,begyndt
PRÃ†P,O,med
UNIK,O,at
V_INF,O,snakke
ADJ,O,lidt
ADJ,O,mere
PRÃ†P,O,med
EGEN,B-NP,Josefine
...,O,...
PRON_PERS,B-NP,det
V_PAST,O,gjorde
PRON_PERS,B-NP,jeg
ADV,O,ikke
ADV,O,så
ADJ,O,meget
UKONJ,O,før
UKONJ,O,fordi
...,O,...
PRON_PERS,B-NP,jeg
V_PAST,O,havde
V_PARTC_PAST,O,valgt
UNIK,O,at
V_INF,O,sidde
ADV,O,sammen
PRÃ†P,O,med
PRON_PERS,B-NP,hende
...,O,...
ADV,O,nu
V_PAST,O,ville
PRON_PERS,B-NP,jeg
ADJ,O,godt
..,O,..
V_INF,O,prøve
UKONJ,O,at
..,O,..
N,O,arbejde
PRÃ†P,O,med
PRON_UBST,B-NP,en
PRON_UBST,I-NP,anden
...,O,...
INTERJ,O,okay
….,O,….
ADV,O,så
PRÃ†P,O,på
PRON_DEMO,B-NP,den
N,I-NP,måde
V_PRES,O,snakker
PRON_PERS,B-NP,jeg
ADJ,O,mere
PRÃ†P,O,med
EGEN,B-NP,Josefine
….,O,….
SKONJ,O,men
V_PRES,O,har
PRON_PERS,B-NP,I
V_PRES,O,har
PRON_PERS,O,I
V_PARTC_PAST,O,kunnet
V_INF,O,vælge
PRON_DEMO,B-NP,de
N,I-NP,pladser
ADV,O,altså
V_PARTC_PAST,O,haft
V_PRES,O,ønsker
omkr-,O,omkr-
..,O,..
PRÃ†P,O,i
N,B-NP,forhold
PRÃ†P,O,til
ADV,O,hvordan
PRON_PERS,B-NP,I
V_PRES,O,sidder
ADV,O,nu
..,O,..
INTERJ,O,ja
PRON_UBST,B-NP,nogle
PRON_UBST,B-NP,nogle
PRÃ†P,O,af
PRON_PERS,B-NP,os
V_PAST,O,måtte
PRON_DEMO,B-NP,selv
V_INF,O,vælge
..,O,..
PRON_PERS,B-NP,hun
..,O,..
EGEN,B-NP,Inger
V_PAST,O,holdt
N,B-NP,elevsamtale
PRON_PERS,B-NP,hun
V_PAST,O,nåede
ADV,O,ikke
ADJ,B-NP,alle
...,O,...
ADV,O,så
SKONJ,O,men
..,O,..
PRON_PERS,B-NP,hun
V_PRES,O,har
V_PARTC_PAST,O,prøvet
UNIK,O,at
V_INF,O,sætte
..,O,..
PRON_PERS,B-NP,det
ADV,O,sådan
ADJ,O,nogenlunde
….,O,….
SKONJ,O,og
UNIK,O,der
V_PAST,O,havde
PRON_PERS,B-NP,jeg
V_PARTC_PAST,O,valgt
.,O,.
UKONJ,O,at
PRON_PERS,B-NP,jeg
V_PAST,O,ville
ADJ,O,godt
V_INF,O,sidde
PRÃ†P,O,med
EGEN,B-NP,Josefine
...,O,...
INTERJ,O,okay
...,O,...
UNIK,O,som
PRON_PERS,B-NP,jeg
ADV,O,ikke
V_PRES,O,plejer
….,O,….
INTERJ,O,mm
...,O,...
PRON_INTER_REL,B-NP,hvem
V_PRES,O,sidder
PRON_PERS,B-NP,du
ADV,O,så
ADV,O,ved
PRÃ†P,B-NP,siden
PRÃ†P,O,af
..,O,..
ADV,O,ud
PRÃ†P,O,over
EGEN,B-NP,Josefine
..,O,..
PRON_PERS,B-NP,vi
V_PRES,O,sidder
PRÃ†P,O,i
N,B-NP,midten
UNIK,O,der
..,O,..
...,O,...
PRON_PERS,B-NP,vi
V_PRES,O,er
ADV,O,kun
NUM,B-NP,to
….,O,….
SKONJ,O,men
V_PRES,O,sidder
PRON_PERS,B-NP,I
ADV,O,ikke
PRÃ†P,O,i
PRON_UBST,B-NP,en
N,I-NP,hestesko
ADV,O,nu
..,O,..
INTERJ,O,jo
..,O,..
SKONJ,O,men
ADV,O,så
V_PRES,O,er
UNIK,O,der
PRON_UBST,B-NP,et
..,I-NP,..
N,I-NP,bord
ADV,O,lige
PRÃ†P,O,ved
N,B-NP,katederet
..,O,..
INTERJ,O,nå
SKONJ,O,og
ADV,O,så
V_PRES,O,sidder
PRON_PERS,B-NP,vi
ADV,O,lige
UNIK,O,der
PRÃ†P,O,i
N,B-NP,midten
..,O,..
INTERJ,O,okay
ADV,O,hvordan
V_PRES,O,kan
V_PRES,O,er
PRON_PERS,B-NP,det
UKONJ,O,fordi
UNIK,B-NP,der
ADV,O,ikke
V_PRES,O,er
N,B-NP,plads
ADV,O,ellers
SKONJ,O,eller
PRON_INTER_REL,B-NP,hvad
..,O,..
INTERJ,O,øh
INTERJ,O,ja
PRON_PERS,B-NP,det
V_PRES,O,tror
PRON_PERS,B-NP,jeg
….,O,….
SKONJ,O,men
PRON_INTER_REL,B-NP,hvad
V_PRES,O,har
PRON_PERS,B-NP,du
ADV,O,ikke
V_PARTC_PAST,O,siddet
ADV,O,tit
ADV,O,deroppe
PRÃ†P,O,foran
...,O,...
INTERJ,O,øh
….,O,….
INTERJ,O,øh
PRON_PERS,B-NP,det
V_PAST,O,var
ADV,O,ude
ADV,O,i
PRÃ†P,B-NP,siden
...,O,...
SKONJ,O,eller
INTERJ,O,okay
PRON_PERS,B-NP,det
V_PAST,O,var
f-,O,f-
ADV,O,oppe
PRÃ†P,O,foran
SKONJ,O,men
ADV,O,ude
ADV,O,i
PRÃ†P,B-NP,siden
….,O,….
ADV,O,nu
V_PRES,O,er
PRON_PERS,B-NP,vi
ADV,O,lige
..,O,..
PRÃ†P,O,ved
N,B-NP,læreren
PRÃ†P,O,ved
N,B-NP,katederet
INTERJ,O,ha
.,O,.
ADV,O,hvordan
V_PRES,O,er
PRON_DEMO,B-NP,det
...,O,...
INTERJ,O,øh
..,O,..
PRON_PERS,B-NP,det
V_PRES,O,er
ADJ,O,faktisk
INTERJ,O,okay
….,O,….
PRON_UBST,B-NP,man
V_PRES,O,kan
ADV,O,ikke
.,O,.
SKONJ,O,men
PRON_UBST,B-NP,man
V_PRES,O,er
ADJ,O,lidt
V_PARTC_PAST,O,adskilt
..,O,..
PRÃ†P,O,fra
PRON_PERS,B-NP,de
PRON_UBST,I-NP,andre
UKONJ,O,fordi
PRON_UBST,B-NP,man
V_PRES,O,skal
ADJ,B-NP,hele
N,I-NP,tiden
V_INF,O,vende
PRON_PERS,O,sig
PRÃ†P,O,om
SKONJ,O,og
ADV,O,sådan
...,O,...
UKONJ,O,når
PRON_PERS,B-NP,det
V_PRES,O,er
UKONJ,O,at
.,O,.
UNIK,B-NP,der
V_PRES,O,foregår
PRON_UBST,B-NP,noget
….,O,….
SKONJ,O,men
...,O,...
PRON_PERS,B-NP,det
V_PRES,O,er
INTERJ,O,okay
..,O,..
SKONJ,O,men
PRON_PERS,B-NP,det
V_PRES,O,er
ADV,O,da
ADJ,O,svært
UKONJ,O,at
..,O,..
UKONJ,O,hvis
PRON_UBST,B-NP,man
V_PRES,O,har
N,O,lyst
PRÃ†P,O,til
UNIK,O,at
V_INF,O,sidde
SKONJ,O,og
N,O,sladre
ADJ,O,lidt
PRÃ†P,O,i
N,B-NP,timen
INTERJ,O,mm
...,O,...
ADV,O,så
ADV,O,derfor
PRON_PERS,B-NP,jeg
PRON_PERS,I-NP,jeg
V_PRES,O,snakker
PRÃ†P,O,for
PRON_DEMO,B-NP,det
ADJ,I-NP,meste
ADV,O,bare
PRÃ†P,O,med
EGEN,B-NP,Josefine
ADV,O,sådan
…..,O,…..
ADV,O,så
INTERJ,O,ja
...,O,...
PRON_INTER_REL,B-NP,hvad
ADV,O,så
PRÃ†P,O,i
N,B-NP,frikvartererne
...,O,...
V_PRES,O,går
PRON_PERS,B-NP,du
ADV,O,så
ADV,O,sammen
PRÃ†P,O,med
PRON_PERS,B-NP,hende
UNIK,O,der
ADV,O,også
...,O,...
INTERJ,O,øh
INTERJ,O,nej
...,O,...
UNIK,O,der
V_PRES,O,går
PRON_PERS,B-NP,jeg
PRÃ†P,O,med
….,O,….
N,B-NP,pigerne
PRÃ†P,O,fra
FORK,B-NP,V
….,O,….
Fatima,B-NP,Fatima
.,O,.
SKONJ,O,og
Negasi,B-NP,Negasi
SKONJ,O,og
EGEN,B-NP,Nadia
...,O,...
INTERJ,O,okay
PRÃ†P,O,for
PRON_DEMO,B-NP,det
ADJ,I-NP,meste
….,O,….
V_PRES,O,er
PRON_PERS,B-NP,det
PRON_PERS,B-NP,dem
PRON_PERS,B-NP,du
ADJ,O,mest
V_PRES,O,går
ADV,O,sammen
PRÃ†P,O,med
..,O,..
INTERJ,O,ja
SKONJ,O,og
ADV,O,så
PRON_UBST,B-NP,nogle
N,I-NP,gange
Lamis,I-NP,Lamis
….,O,….
INTERJ,O,okay
….,O,….
SKONJ,O,men
V_PRES,O,har
PRON_PERS,B-NP,det
V_PARTC_PAST,O,ændret
PRON_PERS,B-NP,sig
PRÃ†P,O,i
N,B-NP,forhold
ADV,O,til
PRÃ†P,O,i
ADV,O,da
PRON_PERS,B-NP,vi
v-,O,v-
..,O,..
ADV,O,altså
PRÃ†P,O,i
NUM_ORD,B-NP,syvende
N,I-NP,klasse
.,O,.
INTERJ,O,nej
PRON_PERS,B-NP,det
V_PRES,O,er
ADV,O,vel
PRON_DEMO,B-NP,det
ADJ,I-NP,samme
..,O,..
INTERJ,O,okay
….,O,….
PRON_PERS,B-NP,jeg
V_PAST,O,troede
ADV,O,nemlig
ADV,O,også
PRON_PERS,B-NP,du
V_PAST,O,gik
ADJ,O,lidt
ADV,O,sammen
PRÃ†P,O,med
Selma,B-NP,Selma
SKONJ,O,og
..,O,..
INTERJ,O,mm
INTERJ,O,ja
..,O,..
PRON_PERS,B-NP,det
V_PRES,O,er
ADJ,O,lidt
ADJ,O,sjældent
SKONJ,O,og
Israh,B-NP,Israh
SKONJ,O,og
..,O,..
INTERJ,O,jo
..,O,..
PRON_PERS,B-NP,det
V_PRES,O,er
PRON_UBST,B-NP,en
N,I-NP,gang
ADV,O,imellem
INTERJ,O,okay
SKONJ,O,men
ADJ,O,mere
PRON_PERS,B-NP,de
PRON_UBST,I-NP,andre
INTERJ,O,ja
..,O,..
INTERJ,O,ja
..,O,..
PRON_INTER_REL,B-NP,hvad
ADV,O,hvor
V_PRES,O,går
PRON_PERS,B-NP,I
ADV,O,så
ADV,O,hen
ADV,O,egentlig
UKONJ,O,fordi
nog-,O,nog-
PRON_PERS,B-NP,jeg
V_PRES,O,har
ADV,O,tit
V_PARTC_PAST,O,set
UKONJ,O,at
INTERJ,O,øh
..,O,..
UKONJ,O,ligesom
ADV,O,nu
ADV,O,ikke
SKONJ,O,eller
ADV,B-NP,i
PRÃ†P,O,i
PRON_PERS,B-NP,I
V_PRES,O,er
ADV,O,væk
PRÃ†P,O,i
N,B-NP,frikvartererne
INTERJ,O,mm
..,O,..
ADV,O,så
.,O,.
ADV,O,hvor
V_PRES,O,går
PRON_PERS,B-NP,I
ADV,O,så
ADV,O,hen
..,O,..
f-,O,f-
UNIK,O,der
V_PRES,O,går
...,O,...
PRON_DEMO,B-NP,de
ADJ,I-NP,fleste
..,O,..
UNIK,O,der
V_PRES,O,ligger
ADV,O,sådan
PRON_UBST,B-NP,en
N,I-NP,pizzeria
..,O,..
ADV,O,lige
PRÃ†P,O,ved
N,B-NP,hjørnet
..,O,..
INTERJ,O,nå
PRON_DEMO,B-NP,det
..,O,..
..,O,..
PRON_DEMO,B-NP,den
ADJ,I-NP,tæt
PRÃ†P,O,ved
N,B-NP,juniorklubben
...,O,...
s-,O,s-
..,O,..
PRON_PERS,B-NP,det
V_PRES,O,er
ADV,O,næsten
ADJ,B-NP,hele
N,I-NP,skolen
UNIK,B-NP,der
V_PRES,O,går
ADV,O,derhen
..,O,..
INTERJ,O,ha
ADV,O,så
PRON_PERS,B-NP,de
V_PRES,O,har
PRON_UBST,B-NP,en
N,I-NP,omsætning
ADV,O,lige
ADV,O,så
ADV,O,snart
UNIK,B-NP,der
V_PRES,O,er
N,B-NP,frikvarter
ADV,O,så
...,O,...
INTERJ,O,okay
….,O,….
INTERJ,O,øh
ADV,O,så
V_PRES,O,vælter
PRON_PERS,B-NP,det
ADV,O,ind
..,O,..
PRON_INTER_REL,B-NP,hvad
PRÃ†P,O,med
PRON_INTER_REL,B-NP,hvad
V_PRES,O,hedder
PRON_PERS,B-NP,det
INTERJ,O,øh
...,O,...
V_PRES,O,er
PRON_PERS,B-NP,du
V_PARTC_PAST,O,begyndt
UNIK,O,at
V_INF,O,komme
PRÃ†P,O,i
N,B-NP,juniorklubben
...,O,...
